ten_case,hang,thong_so,gia_vnd,link_hinh_anh,category
"Case Deepcool CH160 Plus Micro ATX | không kèm Fan, Đen",Deepcool,"Case Deepcool CH160 Plus Micro ATX | không kèm Fan, Đen",1399000,https://theme.hstatic.net/200000420363/1001333448/14/appbuyxgety-icon.png?v=6362,Case
"Case Deepcool CH160 Plus Micro ATX | không kèm Fan, Trắng",Deepcool,"Case Deepcool CH160 Plus Micro ATX | không kèm Fan, Trắng",1419000,https://theme.hstatic.net/200000420363/1001333448/14/appbuyxgety-icon.png?v=6362,Case
"Case Gaming Corsair 3500X Mid-Tower Call Of Duty Black OPS | No Fan, Đen",Corsair,"Case Gaming Corsair 3500X Mid-Tower Call Of Duty Black OPS | No Fan, Đen",2049000,https://theme.hstatic.net/200000420363/1001333448/14/appbuyxgety-icon.png?v=6362,Case
"Case văn phòng Patriot J102 - Đen, Form Slim",Unknown,"Case văn phòng Patriot J102 - Đen, Form Slim",359000,https://theme.hstatic.net/200000420363/1001333448/14/appbuyxgety-icon.png?v=6362,Case
"Case Xigmatek Pura MS | Hỗ trợ AIO 240, Đen",Xigmatek,"Case Xigmatek Pura MS | Hỗ trợ AIO 240, Đen",699000,https://theme.hstatic.net/200000420363/1001333448/14/appbuyxgety-icon.png?v=6362,Case
Thùng máy Acer V950 ATX - Black | Kèm sẵn 4 fan ARGB,Unknown,Thùng máy Acer V950 ATX - Black | Kèm sẵn 4 fan ARGB,1599000,https://theme.hstatic.net/200000420363/1001333448/14/appbuyxgety-icon.png?v=6362,Case
Thùng máy Acer V950 ATX - White | Kèm sẵn 4 fan ARGB,Unknown,Thùng máy Acer V950 ATX - White | Kèm sẵn 4 fan ARGB,1659000,https://theme.hstatic.net/200000420363/1001333448/14/appbuyxgety-icon.png?v=6362,Case
Thùng máy Acer V951 M-ATX - Black | Kèm sẵn 3 fan ARGB,Unknown,Thùng máy Acer V951 M-ATX - Black | Kèm sẵn 3 fan ARGB,1289000,https://theme.hstatic.net/200000420363/1001333448/14/appbuyxgety-icon.png?v=6362,Case
"Thùng máy Aqual X2-M | Micro-ATX, Trắng",Unknown,"Thùng máy Aqual X2-M | Micro-ATX, Trắng",469000,https://theme.hstatic.net/200000420363/1001333448/14/appbuyxgety-icon.png?v=6362,Case
"Thùng máy ASUS A21 Mesh - Đen | AIO 360 Top, Micro ATX, không fan",ASUS,"Thùng máy ASUS A21 Mesh - Đen | AIO 360 Top, Micro ATX, không fan",1259000,https://theme.hstatic.net/200000420363/1001333448/14/appbuyxgety-icon.png?v=6362,Case
"Thùng máy ASUS A21 Mesh - Trắng | AIO 360 Top, Micro ATX, không fan",ASUS,"Thùng máy ASUS A21 Mesh - Trắng | AIO 360 Top, Micro ATX, không fan",1349000,https://theme.hstatic.net/200000420363/1001333448/14/appbuyxgety-icon.png?v=6362,Case
"Thùng máy ASUS A31 ATX - Đen | Không fan đi kèm, AIO 360 Top",ASUS,"Thùng máy ASUS A31 ATX - Đen | Không fan đi kèm, AIO 360 Top",1799000,https://theme.hstatic.net/200000420363/1001333448/14/appbuyxgety-icon.png?v=6362,Case
Thùng máy Asus Prime AP202 ARGB M-ATX (Không Fan Đi Kèm) (Aio 360 Top) - Đen,ASUS,Thùng máy Asus Prime AP202 ARGB M-ATX (Không Fan Đi Kèm) (Aio 360 Top) - Đen,1899000,https://theme.hstatic.net/200000420363/1001333448/14/appbuyxgety-icon.png?v=6362,Case
"Thùng máy ASUS ProArt PA602 - Black | E-ATX, kèm sẵn 2 fan 20cm, 1 fan 14cm",ASUS,"Thùng máy ASUS ProArt PA602 - Black | E-ATX, kèm sẵn 2 fan 20cm, 1 fan 14cm",6499000,https://theme.hstatic.net/200000420363/1001333448/14/appbuyxgety-icon.png?v=6362,Case
"Thùng máy ASUS ProArt PA602 Wood Edition - Tempered Glass Panel | Kèm sẵn 2 fan 20cm, 1 fan 14cm",ASUS,"Thùng máy ASUS ProArt PA602 Wood Edition - Tempered Glass Panel | Kèm sẵn 2 fan 20cm, 1 fan 14cm",7499000,https://theme.hstatic.net/200000420363/1001333448/14/appbuyxgety-icon.png?v=6362,Case
"Thùng máy Asus ROG Hyperion GR701 | Đen, kèm sẵn 4 fan",ASUS,"Thùng máy Asus ROG Hyperion GR701 | Đen, kèm sẵn 4 fan",11499000,https://theme.hstatic.net/200000420363/1001333448/14/appbuyxgety-icon.png?v=6362,Case
"Thùng máy ASUS TUF Gaming GT302 ARGB - Black | E-ATX, kèm sẵn 4 fan 14cm ARGB",ASUS,"Thùng máy ASUS TUF Gaming GT302 ARGB - Black | E-ATX, kèm sẵn 4 fan 14cm ARGB",3199000,https://theme.hstatic.net/200000420363/1001333448/14/appbuyxgety-icon.png?v=6362,Case
Thùng máy Bitcoin 4U 4U2 (4 Fan – Lắp 8 VGA),Unknown,Thùng máy Bitcoin 4U 4U2 (4 Fan – Lắp 8 VGA),690000,https://theme.hstatic.net/200000420363/1001333448/14/appbuyxgety-icon.png?v=6362,Case
Thùng máy Bitcoin 4U 4W5 (3 Fan – Lắp 6 VGA),Unknown,Thùng máy Bitcoin 4U 4W5 (3 Fan – Lắp 6 VGA),990000,https://theme.hstatic.net/200000420363/1001333448/14/appbuyxgety-icon.png?v=6362,Case
Thùng máy Bitcoin 4U 4W9 (4 Fan – Lắp 8 VGA),Unknown,Thùng máy Bitcoin 4U 4W9 (4 Fan – Lắp 8 VGA),1090000,https://theme.hstatic.net/200000420363/1001333448/14/appbuyxgety-icon.png?v=6362,Case
Thùng máy Case Antec C8 Wood ATX - Đen | Hồ cá,Antec,Thùng máy Case Antec C8 Wood ATX - Đen | Hồ cá,2499000,https://theme.hstatic.net/200000420363/1001333448/14/appbuyxgety-icon.png?v=6362,Case
"Thùng máy Case DarkFlash DB330M M-ATX | Mặt kính, đen",Unknown,"Thùng máy Case DarkFlash DB330M M-ATX | Mặt kính, đen",689000,https://theme.hstatic.net/200000420363/1001333448/14/appbuyxgety-icon.png?v=6362,Case
"Thùng máy Case DarkFlash DB330M M-ATX | Mặt kính, trắng",Unknown,"Thùng máy Case DarkFlash DB330M M-ATX | Mặt kính, trắng",729000,https://theme.hstatic.net/200000420363/1001333448/14/appbuyxgety-icon.png?v=6362,Case
"Thùng máy Case DarkFlash DB330M M-ATX | Mặt lưới, đen",Unknown,"Thùng máy Case DarkFlash DB330M M-ATX | Mặt lưới, đen",649000,https://theme.hstatic.net/200000420363/1001333448/14/appbuyxgety-icon.png?v=6362,Case
"Thùng máy Case DarkFlash DB330M M-ATX | Mặt lưới, trắng",Unknown,"Thùng máy Case DarkFlash DB330M M-ATX | Mặt lưới, trắng",689000,https://theme.hstatic.net/200000420363/1001333448/14/appbuyxgety-icon.png?v=6362,Case
Thùng máy Case Darkflash DS900 Mesh ATX - Đen (Mặt lưới),Unknown,Thùng máy Case Darkflash DS900 Mesh ATX - Đen (Mặt lưới),749000,https://theme.hstatic.net/200000420363/1001333448/14/appbuyxgety-icon.png?v=6362,Case
Thùng máy Case Darkflash DS900 Mesh ATX - Trắng (Mặt lưới),Unknown,Thùng máy Case Darkflash DS900 Mesh ATX - Trắng (Mặt lưới),799000,https://theme.hstatic.net/200000420363/1001333448/14/appbuyxgety-icon.png?v=6362,Case
Thùng máy Case Darkflash DS900W ATX Glass - Trắng,Unknown,Thùng máy Case Darkflash DS900W ATX Glass - Trắng,949000,https://theme.hstatic.net/200000420363/1001333448/14/appbuyxgety-icon.png?v=6362,Case
Thùng máy Case Darkflash DS900WD ATX - Đen (Mặt gỗ),Unknown,Thùng máy Case Darkflash DS900WD ATX - Đen (Mặt gỗ),1349000,https://theme.hstatic.net/200000420363/1001333448/14/appbuyxgety-icon.png?v=6362,Case
Thùng máy Case Darkflash DS900WD ATX - Trắng (Mặt gỗ),Unknown,Thùng máy Case Darkflash DS900WD ATX - Trắng (Mặt gỗ),1449000,https://theme.hstatic.net/200000420363/1001333448/14/appbuyxgety-icon.png?v=6362,Case
"Thùng máy case E-Dra ECS 1305 | M-ATX, hồ cá, trắng",Unknown,"Thùng máy case E-Dra ECS 1305 | M-ATX, hồ cá, trắng",429000,https://theme.hstatic.net/200000420363/1001333448/14/appbuyxgety-icon.png?v=6362,Case
"Thùng máy Case Gamdias Athena M4M | M-ATX, Đen",Unknown,"Thùng máy Case Gamdias Athena M4M | M-ATX, Đen",1389000,https://theme.hstatic.net/200000420363/1001333448/14/appbuyxgety-icon.png?v=6362,Case
"Thùng máy Case Gamdias Athena M4M | M-ATX, Mặt Gỗ",Unknown,"Thùng máy Case Gamdias Athena M4M | M-ATX, Mặt Gỗ",1389000,https://theme.hstatic.net/200000420363/1001333448/14/appbuyxgety-icon.png?v=6362,Case
"Thùng máy Case Hyte Revolt 3 - Đen | Mini ITX, nguồn SFX (CS-HYTE-REVOLT3-B)",Unknown,"Thùng máy Case Hyte Revolt 3 - Đen | Mini ITX, nguồn SFX (CS-HYTE-REVOLT3-B)",2990000,https://theme.hstatic.net/200000420363/1001333448/14/appbuyxgety-icon.png?v=6362,Case
"Thùng máy Case Hyte Revolt 3 - Trắng | Mini ITX, nguồn SFX (CS-HYTE-REVOLT3-W)",Unknown,"Thùng máy Case Hyte Revolt 3 - Trắng | Mini ITX, nguồn SFX (CS-HYTE-REVOLT3-W)",2990000,https://theme.hstatic.net/200000420363/1001333448/14/appbuyxgety-icon.png?v=6362,Case
"Thùng máy Case Leopard AC-01 - Đen | Hồ cá, kính cong",Unknown,"Thùng máy Case Leopard AC-01 - Đen | Hồ cá, kính cong",1049000,https://theme.hstatic.net/200000420363/1001333448/14/appbuyxgety-icon.png?v=6362,Case
"Thùng máy Case Leopard AC-01 Hồ Cá Kính Cong | Không kèm fan, trắng",Unknown,"Thùng máy Case Leopard AC-01 Hồ Cá Kính Cong | Không kèm fan, trắng",1089000,https://theme.hstatic.net/200000420363/1001333448/14/appbuyxgety-icon.png?v=6362,Case
"Thùng máy Case Leopard AC-02 | Đen, kính cong, LCD",Unknown,"Thùng máy Case Leopard AC-02 | Đen, kính cong, LCD",1779000,https://theme.hstatic.net/200000420363/1001333448/14/appbuyxgety-icon.png?v=6362,Case
"Thùng máy Case Leopard AC-02 | Trắng, kính cong, LCD",Unknown,"Thùng máy Case Leopard AC-02 | Trắng, kính cong, LCD",1799000,https://theme.hstatic.net/200000420363/1001333448/14/appbuyxgety-icon.png?v=6362,Case
Thùng máy Case Leopard AS-01 Hồ Cá - Đen | Không kèm fan,Unknown,Thùng máy Case Leopard AS-01 Hồ Cá - Đen | Không kèm fan,999000,https://theme.hstatic.net/200000420363/1001333448/14/appbuyxgety-icon.png?v=6362,Case
Thùng máy Case Leopard AS-01 Hồ Cá - Trắng | Không kèm fan,Unknown,Thùng máy Case Leopard AS-01 Hồ Cá - Trắng | Không kèm fan,999000,https://theme.hstatic.net/200000420363/1001333448/14/appbuyxgety-icon.png?v=6362,Case
"Thùng máy Case Leopard MS-01 RGB | Đen, không kèm fan",Unknown,"Thùng máy Case Leopard MS-01 RGB | Đen, không kèm fan",749000,https://theme.hstatic.net/200000420363/1001333448/14/appbuyxgety-icon.png?v=6362,Case
"Thùng máy Case Leopard MS-01 RGB | Trắng, không kèm fan",Unknown,"Thùng máy Case Leopard MS-01 RGB | Trắng, không kèm fan",759000,https://theme.hstatic.net/200000420363/1001333448/14/appbuyxgety-icon.png?v=6362,Case
"Thùng máy Case Lian Li Vector V100 Mini (V100MIX) | Mini Tower, Không kèm fan, Đen",Lian Li,"Thùng máy Case Lian Li Vector V100 Mini (V100MIX) | Mini Tower, Không kèm fan, Đen",1199000,https://theme.hstatic.net/200000420363/1001333448/14/appbuyxgety-icon.png?v=6362,Case
"Thùng máy Case Lian Li Vector V100R Mini (V100MIX) | Mini Tower, Kèm 4 fan ARGB, Đen",Lian Li,"Thùng máy Case Lian Li Vector V100R Mini (V100MIX) | Mini Tower, Kèm 4 fan ARGB, Đen",1699000,https://theme.hstatic.net/200000420363/1001333448/14/appbuyxgety-icon.png?v=6362,Case
Thùng máy Case Magic C218-M M-ATX - Đen,Unknown,Thùng máy Case Magic C218-M M-ATX - Đen,599000,https://theme.hstatic.net/200000420363/1001333448/14/appbuyxgety-icon.png?v=6362,Case
Thùng máy Case Magic GA-02 ATX - Đen,Unknown,Thùng máy Case Magic GA-02 ATX - Đen,419000,https://theme.hstatic.net/200000420363/1001333448/14/appbuyxgety-icon.png?v=6362,Case
Thùng máy Case Magic GA-02 ATX - Trắng,Unknown,Thùng máy Case Magic GA-02 ATX - Trắng,449000,https://theme.hstatic.net/200000420363/1001333448/14/appbuyxgety-icon.png?v=6362,Case
Thùng máy Case Magic Gaming GA-01 ATX - Đen,Unknown,Thùng máy Case Magic Gaming GA-01 ATX - Đen,819000,https://theme.hstatic.net/200000420363/1001333448/14/appbuyxgety-icon.png?v=6362,Case
"Thùng máy Case Magic Mix Tower Air - Trắng | Aio 240, hồ cá",Unknown,"Thùng máy Case Magic Mix Tower Air - Trắng | Aio 240, hồ cá",569000,https://theme.hstatic.net/200000420363/1001333448/14/appbuyxgety-icon.png?v=6362,Case
Thùng máy Case NZXT H3 Flow - Đen (CC-H31FB-01),NZXT,Thùng máy Case NZXT H3 Flow - Đen (CC-H31FB-01),1499000,https://theme.hstatic.net/200000420363/1001333448/14/appbuyxgety-icon.png?v=6362,Case
Thùng máy Case NZXT H3 Flow - Trắng (CC-H31FW-01),NZXT,Thùng máy Case NZXT H3 Flow - Trắng (CC-H31FW-01),1499000,https://theme.hstatic.net/200000420363/1001333448/14/appbuyxgety-icon.png?v=6362,Case
Thùng máy Case OCYPUS Gamma C52 (Đen),Unknown,Thùng máy Case OCYPUS Gamma C52 (Đen),619000,https://theme.hstatic.net/200000420363/1001333448/14/appbuyxgety-icon.png?v=6362,Case
Thùng máy Case Thermalright TL-M10 Vision LCD - Đen,Unknown,Thùng máy Case Thermalright TL-M10 Vision LCD - Đen,2200000,https://theme.hstatic.net/200000420363/1001333448/14/appbuyxgety-icon.png?v=6362,Case
Thùng máy Case Thermalright TL-M10 Vision LCD - Trắng,Unknown,Thùng máy Case Thermalright TL-M10 Vision LCD - Trắng,2599000,https://theme.hstatic.net/200000420363/1001333448/14/appbuyxgety-icon.png?v=6362,Case
"Thùng máy Case Thermaltake View 290 TG ARGB Snow | Trắng, sẵn 3 fan ARGB (CA-11G-00M6WN-00)",Thermaltake,"Thùng máy Case Thermaltake View 290 TG ARGB Snow | Trắng, sẵn 3 fan ARGB (CA-11G-00M6WN-00)",1999000,https://theme.hstatic.net/200000420363/1001333448/14/appbuyxgety-icon.png?v=6362,Case
"Thùng máy Case Thermaltake View 290 TG ARGB | Đen, sẵn 3 fan ARGB (CA-11G-00M1WN-00)",Thermaltake,"Thùng máy Case Thermaltake View 290 TG ARGB | Đen, sẵn 3 fan ARGB (CA-11G-00M1WN-00)",1899000,https://theme.hstatic.net/200000420363/1001333448/14/appbuyxgety-icon.png?v=6362,Case
Thùng máy Case VSP Gaming X90 - Đen | Premium Led Light ARGB,VSP,Thùng máy Case VSP Gaming X90 - Đen | Premium Led Light ARGB,1279000,https://theme.hstatic.net/200000420363/1001333448/14/appbuyxgety-icon.png?v=6362,Case
"Thùng máy Case VSP X8 - Trắng | Hồ cá, không kèm fan",VSP,"Thùng máy Case VSP X8 - Trắng | Hồ cá, không kèm fan",519000,https://theme.hstatic.net/200000420363/1001333448/14/appbuyxgety-icon.png?v=6362,Case
Thùng máy Case Xigmatek AquaM Nano II - Đen | Không kèm fan,Xigmatek,Thùng máy Case Xigmatek AquaM Nano II - Đen | Không kèm fan,449000,https://theme.hstatic.net/200000420363/1001333448/14/appbuyxgety-icon.png?v=6362,Case
Thùng máy Case Xigmatek AquaM Nano II - Trắng | Không kèm fan,Xigmatek,Thùng máy Case Xigmatek AquaM Nano II - Trắng | Không kèm fan,489000,https://theme.hstatic.net/200000420363/1001333448/14/appbuyxgety-icon.png?v=6362,Case
Thùng máy Case Xigmatek Osiris Pro 4FX E-ATX | Kèm 4 fan ARGB,Xigmatek,Thùng máy Case Xigmatek Osiris Pro 4FX E-ATX | Kèm 4 fan ARGB,1179000,https://theme.hstatic.net/200000420363/1001333448/14/appbuyxgety-icon.png?v=6362,Case
Thùng máy case Xigmatek XS-09 M-ATX,Xigmatek,Thùng máy case Xigmatek XS-09 M-ATX,239000,https://theme.hstatic.net/200000420363/1001333448/14/appbuyxgety-icon.png?v=6362,Case
"Thùng máy Centaur Lumix - Trắng | Khung ghép vô cực, Micro ATX, sẵn 3 fan RGB",Unknown,"Thùng máy Centaur Lumix - Trắng | Khung ghép vô cực, Micro ATX, sẵn 3 fan RGB",509000,https://theme.hstatic.net/200000420363/1001333448/14/appbuyxgety-icon.png?v=6362,Case
"Thùng máy Centaur NOVA | Trắng, Không Fan",Unknown,"Thùng máy Centaur NOVA | Trắng, Không Fan",899000,https://theme.hstatic.net/200000420363/1001333448/14/appbuyxgety-icon.png?v=6362,Case
Thùng máy Cooler Master Cosmos Alpha - Đen,Unknown,Thùng máy Cooler Master Cosmos Alpha - Đen,8950000,https://theme.hstatic.net/200000420363/1001333448/14/appbuyxgety-icon.png?v=6362,Case
Thùng máy Cooler Master Elite 301 - Đen | Kèm 3 fan led (E301-KGNN-S00),Unknown,Thùng máy Cooler Master Elite 301 - Đen | Kèm 3 fan led (E301-KGNN-S00),1149000,https://theme.hstatic.net/200000420363/1001333448/14/appbuyxgety-icon.png?v=6362,Case
Thùng máy Cooler Master Elite 301 Lite - Đen | Sẵn 1 fan đen,Unknown,Thùng máy Cooler Master Elite 301 Lite - Đen | Sẵn 1 fan đen,699000,https://theme.hstatic.net/200000420363/1001333448/14/appbuyxgety-icon.png?v=6362,Case
Thùng máy Cooler Master Elite 301 Lite - Trắng | Sẵn 1 fan,Unknown,Thùng máy Cooler Master Elite 301 Lite - Trắng | Sẵn 1 fan,749000,https://theme.hstatic.net/200000420363/1001333448/14/appbuyxgety-icon.png?v=6362,Case
Thùng máy Cooler Master MasterBox 600 Lite ATX - Đen | Back Connect Design,Cooler Master,Thùng máy Cooler Master MasterBox 600 Lite ATX - Đen | Back Connect Design,1299000,https://theme.hstatic.net/200000420363/1001333448/14/appbuyxgety-icon.png?v=6362,Case
"Thùng máy Cooler Master MasterFrame 360 Stage LCD (MF360-KHNN-S02) | Mid Tower, ATX, Kính cường lực",Unknown,"Thùng máy Cooler Master MasterFrame 360 Stage LCD (MF360-KHNN-S02) | Mid Tower, ATX, Kính cường lực",5899000,https://theme.hstatic.net/200000420363/1001333448/14/appbuyxgety-icon.png?v=6362,Case
"Thùng máy Cooler Master Qube 500 Flatpack Black Edition | Mid Tower, E-ATX",Unknown,"Thùng máy Cooler Master Qube 500 Flatpack Black Edition | Mid Tower, E-ATX",1999000,https://theme.hstatic.net/200000420363/1001333448/14/appbuyxgety-icon.png?v=6362,Case
"Thùng máy Cooler Master Qube 500 Flatpack Macaron Edition | Mid Tower, E-ATX",Unknown,"Thùng máy Cooler Master Qube 500 Flatpack Macaron Edition | Mid Tower, E-ATX",2199000,https://theme.hstatic.net/200000420363/1001333448/14/appbuyxgety-icon.png?v=6362,Case
"Thùng máy Cooler Master Qube 500 Flatpack White Edition | Mid Tower, E-ATX",Unknown,"Thùng máy Cooler Master Qube 500 Flatpack White Edition | Mid Tower, E-ATX",2090000,https://theme.hstatic.net/200000420363/1001333448/14/appbuyxgety-icon.png?v=6362,Case
"Thùng máy Corsair 3500X | Black, Mid Tower (CC-9011276-WW)",Corsair,"Thùng máy Corsair 3500X | Black, Mid Tower (CC-9011276-WW)",1849000,https://theme.hstatic.net/200000420363/1001333448/14/appbuyxgety-icon.png?v=6362,Case
"Thùng máy Corsair 3500X | White, Mid Tower (CC-9011277-WW)",Corsair,"Thùng máy Corsair 3500X | White, Mid Tower (CC-9011277-WW)",1849000,https://theme.hstatic.net/200000420363/1001333448/14/appbuyxgety-icon.png?v=6362,Case
Thùng máy Corsair 4000D Airflow TG White (CC-9011201-WW),Corsair,Thùng máy Corsair 4000D Airflow TG White (CC-9011201-WW),1849000,https://theme.hstatic.net/200000420363/1001333448/14/appbuyxgety-icon.png?v=6362,Case
Thùng máy Corsair 6500X Mid Tower Dual Chamber - Đen (CC-9011257-WW),Corsair,Thùng máy Corsair 6500X Mid Tower Dual Chamber - Đen (CC-9011257-WW),4599000,https://theme.hstatic.net/200000420363/1001333448/14/appbuyxgety-icon.png?v=6362,Case
Thùng máy Corsair 6500X Mid Tower Dual Chamber - Trắng (CC-9011258-WW),Corsair,Thùng máy Corsair 6500X Mid Tower Dual Chamber - Trắng (CC-9011258-WW),4599000,https://theme.hstatic.net/200000420363/1001333448/14/appbuyxgety-icon.png?v=6362,Case
Thùng máy Corsair Frame 4000D Modular Mid Tower - Black (CC-9011290-WW),Corsair,Thùng máy Corsair Frame 4000D Modular Mid Tower - Black (CC-9011290-WW),1999000,https://theme.hstatic.net/200000420363/1001333448/14/appbuyxgety-icon.png?v=6362,Case
Thùng máy Cougar DuoFace Pro RGB (Kèm Sẵn 4 Fan ARGB) - Đen,Unknown,Thùng máy Cougar DuoFace Pro RGB (Kèm Sẵn 4 Fan ARGB) - Đen,1879000,https://theme.hstatic.net/200000420363/1001333448/14/appbuyxgety-icon.png?v=6362,Case
Thùng máy Cougar FV 270 - Đen | Kèm sẵn 1 fan ARGB,Unknown,Thùng máy Cougar FV 270 - Đen | Kèm sẵn 1 fan ARGB,3599000,https://theme.hstatic.net/200000420363/1001333448/14/appbuyxgety-icon.png?v=6362,Case
Thùng máy Darkflash L280 F-ATX (View 3 Góc) - Đen,Unknown,Thùng máy Darkflash L280 F-ATX (View 3 Góc) - Đen,1299000,https://theme.hstatic.net/200000420363/1001333448/14/appbuyxgety-icon.png?v=6362,Case
"Thùng máy Deepcool CH160 WH Glass Mini-ITX | Trắng, không kèm fan",Deepcool,"Thùng máy Deepcool CH160 WH Glass Mini-ITX | Trắng, không kèm fan",1479000,https://theme.hstatic.net/200000420363/1001333448/14/appbuyxgety-icon.png?v=6362,Case
Thùng máy Deepcool CH170 Digital - Black | Không kèm fan,Deepcool,Thùng máy Deepcool CH170 Digital - Black | Không kèm fan,1499000,https://theme.hstatic.net/200000420363/1001333448/14/appbuyxgety-icon.png?v=6362,Case
Thùng máy Deepcool CH170 Digital - White | Không kèm fan,Deepcool,Thùng máy Deepcool CH170 Digital - White | Không kèm fan,1499000,https://theme.hstatic.net/200000420363/1001333448/14/appbuyxgety-icon.png?v=6362,Case
Thùng máy Deepcool CH360 Digital - Đen | Kèm sẵn 3 fan ARGB,Deepcool,Thùng máy Deepcool CH360 Digital - Đen | Kèm sẵn 3 fan ARGB,1599000,https://theme.hstatic.net/200000420363/1001333448/14/appbuyxgety-icon.png?v=6362,Case
Thùng máy Deepcool CH360 Digital WH - Trắng | Kèm sẵn 3 fan ARGB,Deepcool,Thùng máy Deepcool CH360 Digital WH - Trắng | Kèm sẵn 3 fan ARGB,1790000,https://theme.hstatic.net/200000420363/1001333448/14/appbuyxgety-icon.png?v=6362,Case
"Thùng máy Deepcool CH560 Digital | Kèm sẵn 4 Fan ARGB, Black / White",Deepcool,"Thùng máy Deepcool CH560 Digital | Kèm sẵn 4 Fan ARGB, Black / White",23700002399000,https://theme.hstatic.net/200000420363/1001333448/14/appbuyxgety-icon.png?v=6362,Case
"Thùng máy Deepcool CH780 WH - Trắng | E-ATX, sẵn 3 fan ARGB 140",Deepcool,"Thùng máy Deepcool CH780 WH - Trắng | E-ATX, sẵn 3 fan ARGB 140",3799000,https://theme.hstatic.net/200000420363/1001333448/14/appbuyxgety-icon.png?v=6362,Case
Thùng máy E-Dra ECS 1503 - Black,Unknown,Thùng máy E-Dra ECS 1503 - Black,479000,https://theme.hstatic.net/200000420363/1001333448/14/appbuyxgety-icon.png?v=6362,Case
Thùng máy E-Dra ECS 1503 - White,Unknown,Thùng máy E-Dra ECS 1503 - White,489000,https://theme.hstatic.net/200000420363/1001333448/14/appbuyxgety-icon.png?v=6362,Case
Thùng máy E-Dra ECS1105 Micro-ATX,Unknown,Thùng máy E-Dra ECS1105 Micro-ATX,219000,https://theme.hstatic.net/200000420363/1001333448/14/appbuyxgety-icon.png?v=6362,Case
Thùng máy Edra ECS 1303 - White,Unknown,Thùng máy Edra ECS 1303 - White,429000,https://theme.hstatic.net/200000420363/1001333448/14/appbuyxgety-icon.png?v=6362,Case
Thùng máy Gamdias Aura GC2 Elite ARGB F-ATX (Kèm Sẵn 4F ARGB) - Đen,Unknown,Thùng máy Gamdias Aura GC2 Elite ARGB F-ATX (Kèm Sẵn 4F ARGB) - Đen,699000,https://theme.hstatic.net/200000420363/1001333448/14/appbuyxgety-icon.png?v=6362,Case
Thùng máy Gamdias Aura GC2 Elite ARGB F-ATX (Kèm Sẵn 4F ARGB) - Trắng,Unknown,Thùng máy Gamdias Aura GC2 Elite ARGB F-ATX (Kèm Sẵn 4F ARGB) - Trắng,769000,https://theme.hstatic.net/200000420363/1001333448/14/appbuyxgety-icon.png?v=6362,Case
Thùng máy Gamdias Aura GC9M Elite ARGB M-ATX (Kèm Sẵn 3F ARGB) - Đen,Unknown,Thùng máy Gamdias Aura GC9M Elite ARGB M-ATX (Kèm Sẵn 3F ARGB) - Đen,689000,https://theme.hstatic.net/200000420363/1001333448/14/appbuyxgety-icon.png?v=6362,Case
Thùng máy Gamdias Aura GC9M Elite ARGB M-ATX (Kèm Sẵn 3F ARGB) - Trắng,Unknown,Thùng máy Gamdias Aura GC9M Elite ARGB M-ATX (Kèm Sẵn 3F ARGB) - Trắng,719000,https://theme.hstatic.net/200000420363/1001333448/14/appbuyxgety-icon.png?v=6362,Case
Thùng máy Gamdias GC10M V2 ARGB M-ATX (Kèm Sẵn 3F ARGB) - Đen,Unknown,Thùng máy Gamdias GC10M V2 ARGB M-ATX (Kèm Sẵn 3F ARGB) - Đen,1099000,https://theme.hstatic.net/200000420363/1001333448/14/appbuyxgety-icon.png?v=6362,Case
Thùng máy Gamdias GC10M V2 ARGB M-ATX (Kèm Sẵn 3F ARGB) - Trắng,Unknown,Thùng máy Gamdias GC10M V2 ARGB M-ATX (Kèm Sẵn 3F ARGB) - Trắng,1169000,https://theme.hstatic.net/200000420363/1001333448/14/appbuyxgety-icon.png?v=6362,Case
Thùng máy Gaming LinkTech Bahamut 4FA Full Atx (Kèm Sẵn 4F ARGB) (Hồ Cá),Unknown,Thùng máy Gaming LinkTech Bahamut 4FA Full Atx (Kèm Sẵn 4F ARGB) (Hồ Cá),1099000,https://theme.hstatic.net/200000420363/1001333448/14/appbuyxgety-icon.png?v=6362,Case
Thùng máy Gaming LinkTech Bahamut M 4F M-ATX (Kèm Sẵn 4 Fan Fixed RGB) - Đen,Unknown,Thùng máy Gaming LinkTech Bahamut M 4F M-ATX (Kèm Sẵn 4 Fan Fixed RGB) - Đen,559000,https://theme.hstatic.net/200000420363/1001333448/14/appbuyxgety-icon.png?v=6362,Case
Thùng máy Gigabyte AC300G (GB-AC300G) - Đen,Gigabyte,Thùng máy Gigabyte AC300G (GB-AC300G) - Đen,990000,https://theme.hstatic.net/200000420363/1001333448/14/appbuyxgety-icon.png?v=6362,Case
Thùng máy Gigabyte C400 Glass - Black (GB-AC400G),Gigabyte,Thùng máy Gigabyte C400 Glass - Black (GB-AC400G),3399000,https://theme.hstatic.net/200000420363/1001333448/14/appbuyxgety-icon.png?v=6362,Case
Thùng máy Hyte Y60 Black - Kèm sẵn cáp Riser PCIe 4.0 (CS-HYTE-Y60-B),Unknown,Thùng máy Hyte Y60 Black - Kèm sẵn cáp Riser PCIe 4.0 (CS-HYTE-Y60-B),5450000,https://theme.hstatic.net/200000420363/1001333448/14/appbuyxgety-icon.png?v=6362,Case
Thùng máy Hyte Y70 Standard Black - Kèm sẵn cable riser PCIe 4.0 (CS-HYTE-Y70-B),Unknown,Thùng máy Hyte Y70 Standard Black - Kèm sẵn cable riser PCIe 4.0 (CS-HYTE-Y70-B),5799000,https://theme.hstatic.net/200000420363/1001333448/14/appbuyxgety-icon.png?v=6362,Case
Thùng máy Hyte Y70 Touch Infinite - Đen | Kèm sẵn Cable Riser PCIe 4.0 (CS-HYTE-Y70TTI-BB),Unknown,Thùng máy Hyte Y70 Touch Infinite - Đen | Kèm sẵn Cable Riser PCIe 4.0 (CS-HYTE-Y70TTI-BB),12299000,https://theme.hstatic.net/200000420363/1001333448/14/appbuyxgety-icon.png?v=6362,Case
Thùng máy Hyte Y70 Touch Infinite - White | Kèm sẵn cable riser PCIe4.0 (CS-HYTE-Y70TI-WW),Unknown,Thùng máy Hyte Y70 Touch Infinite - White | Kèm sẵn cable riser PCIe4.0 (CS-HYTE-Y70TI-WW),11499000,https://theme.hstatic.net/200000420363/1001333448/14/appbuyxgety-icon.png?v=6362,Case
Thùng máy InWin 303C White ATX Mid Tower – Tempered Glass (Trắng),InWin,Thùng máy InWin 303C White ATX Mid Tower – Tempered Glass (Trắng),2850000,https://theme.hstatic.net/200000420363/1001333448/14/appbuyxgety-icon.png?v=6362,Case
Thùng máy Inwin Explorer Bone ITX (Trắng),InWin,Thùng máy Inwin Explorer Bone ITX (Trắng),1599000,https://theme.hstatic.net/200000420363/1001333448/14/appbuyxgety-icon.png?v=6362,Case
Thùng máy Jetek Game – X1 Tặng 3 Fan RGB (Đen),Unknown,Thùng máy Jetek Game – X1 Tặng 3 Fan RGB (Đen),810000,https://theme.hstatic.net/200000420363/1001333448/14/appbuyxgety-icon.png?v=6362,Case
Thùng máy Jetek Game – X1 Tặng 3 Fan RGB (Trắng),Unknown,Thùng máy Jetek Game – X1 Tặng 3 Fan RGB (Trắng),840000,https://theme.hstatic.net/200000420363/1001333448/14/appbuyxgety-icon.png?v=6362,Case
Thùng máy Jetek Squid Game - Z5 (Đen ; Kèm dãy led RGB; No Fan),Unknown,Thùng máy Jetek Squid Game - Z5 (Đen ; Kèm dãy led RGB; No Fan),999000,https://theme.hstatic.net/200000420363/1001333448/14/appbuyxgety-icon.png?v=6362,Case
Thùng máy Jonsbo C6 Max Micro-ATX | Màu trắng,Jonsbo,Thùng máy Jonsbo C6 Max Micro-ATX | Màu trắng,929000,https://theme.hstatic.net/200000420363/1001333448/14/appbuyxgety-icon.png?v=6362,Case
Thùng máy Jonsbo C6 Mini-ITX - Black | Có tay cầm,Jonsbo,Thùng máy Jonsbo C6 Mini-ITX - Black | Có tay cầm,849000,https://theme.hstatic.net/200000420363/1001333448/14/appbuyxgety-icon.png?v=6362,Case
Thùng máy Jonsbo C6 Mini-ITX - White | Có tay cầm,Jonsbo,Thùng máy Jonsbo C6 Mini-ITX - White | Có tay cầm,899000,https://theme.hstatic.net/200000420363/1001333448/14/appbuyxgety-icon.png?v=6362,Case
"Thùng máy Jonsbo D200 Micro-ATX | Đen, Kính Cong",Jonsbo,"Thùng máy Jonsbo D200 Micro-ATX | Đen, Kính Cong",1469000,https://theme.hstatic.net/200000420363/1001333448/14/appbuyxgety-icon.png?v=6362,Case
"Thùng máy Jonsbo D200 Micro-ATX | Trắng, Kính Cong",Jonsbo,"Thùng máy Jonsbo D200 Micro-ATX | Trắng, Kính Cong",1469000,https://theme.hstatic.net/200000420363/1001333448/14/appbuyxgety-icon.png?v=6362,Case
Thùng máy Jonsbo T6 Mini-ITX - Bạc,Jonsbo,Thùng máy Jonsbo T6 Mini-ITX - Bạc,2649000,https://theme.hstatic.net/200000420363/1001333448/14/appbuyxgety-icon.png?v=6362,Case
"Thùng máy Jonsbo T8 Plus Black | Mini-ITX, PSU ATX",Jonsbo,"Thùng máy Jonsbo T8 Plus Black | Mini-ITX, PSU ATX",1690000,https://theme.hstatic.net/200000420363/1001333448/14/appbuyxgety-icon.png?v=6362,Case
"Thùng máy Jonsbo T8 Plus Silver | Mini-ITX, PSU ATX",Jonsbo,"Thùng máy Jonsbo T8 Plus Silver | Mini-ITX, PSU ATX",1690000,https://theme.hstatic.net/200000420363/1001333448/14/appbuyxgety-icon.png?v=6362,Case
Thùng máy Jonsbo TK-0 Mini-ITX - Black,Jonsbo,Thùng máy Jonsbo TK-0 Mini-ITX - Black,2499000,https://theme.hstatic.net/200000420363/1001333448/14/appbuyxgety-icon.png?v=6362,Case
Thùng máy Jonsbo TK-0 Mini-ITX - White,Jonsbo,Thùng máy Jonsbo TK-0 Mini-ITX - White,2539000,https://theme.hstatic.net/200000420363/1001333448/14/appbuyxgety-icon.png?v=6362,Case
Thùng máy Jonsbo TK-1 2.0 - Đen | Micro ATX,Jonsbo,Thùng máy Jonsbo TK-1 2.0 - Đen | Micro ATX,2299000,https://theme.hstatic.net/200000420363/1001333448/14/appbuyxgety-icon.png?v=6362,Case
Thùng máy Jonsbo TK-1 2.0 - Trắng bạc | Micro ATX,Jonsbo,Thùng máy Jonsbo TK-1 2.0 - Trắng bạc | Micro ATX,2299000,https://theme.hstatic.net/200000420363/1001333448/14/appbuyxgety-icon.png?v=6362,Case
Thùng máy Jonsbo TK-2 ATX - Trắng,Jonsbo,Thùng máy Jonsbo TK-2 ATX - Trắng,2341000,https://theme.hstatic.net/200000420363/1001333448/14/appbuyxgety-icon.png?v=6362,Case
Thùng máy Jonsbo TK-3 ATX | Màu đen,Jonsbo,Thùng máy Jonsbo TK-3 ATX | Màu đen,2049000,https://theme.hstatic.net/200000420363/1001333448/14/appbuyxgety-icon.png?v=6362,Case
Thùng máy Jonsbo TK-3 ATX | Màu trắng,Jonsbo,Thùng máy Jonsbo TK-3 ATX | Màu trắng,2049000,https://theme.hstatic.net/200000420363/1001333448/14/appbuyxgety-icon.png?v=6362,Case
Thùng máy Jonsbo Z20 Micro ATX - White | Có tay cầm,Jonsbo,Thùng máy Jonsbo Z20 Micro ATX - White | Có tay cầm,1679000,https://theme.hstatic.net/200000420363/1001333448/14/appbuyxgety-icon.png?v=6362,Case
Thùng máy Jonsbo Z20 Micro-ATX - Black | Có tay cầm,Jonsbo,Thùng máy Jonsbo Z20 Micro-ATX - Black | Có tay cầm,1599000,https://theme.hstatic.net/200000420363/1001333448/14/appbuyxgety-icon.png?v=6362,Case
Thùng máy Leopard AX-1 ATX (Không Kèm Fan) - Đen,Unknown,Thùng máy Leopard AX-1 ATX (Không Kèm Fan) - Đen,999000,https://theme.hstatic.net/200000420363/1001333448/14/appbuyxgety-icon.png?v=6362,Case
Thùng máy Leopard AX-1 ATX (Không Kèm Fan) - Trắng,Unknown,Thùng máy Leopard AX-1 ATX (Không Kèm Fan) - Trắng,1049000,https://theme.hstatic.net/200000420363/1001333448/14/appbuyxgety-icon.png?v=6362,Case
Thùng máy Lian Li 011 Dynamic White,Lian Li,Thùng máy Lian Li 011 Dynamic White,3150000,https://theme.hstatic.net/200000420363/1001333448/14/appbuyxgety-icon.png?v=6362,Case
"Thùng máy Lian Li 011 Vision Compact ATX | Trắng, không kèm fan (011VPW)",Lian Li,"Thùng máy Lian Li 011 Vision Compact ATX | Trắng, không kèm fan (011VPW)",3199000,https://theme.hstatic.net/200000420363/1001333448/14/appbuyxgety-icon.png?v=6362,Case
Thùng máy Lian Li DAN A3 mATX - Black,Lian Li,Thùng máy Lian Li DAN A3 mATX - Black,1889000,https://theme.hstatic.net/200000420363/1001333448/14/appbuyxgety-icon.png?v=6362,Case
Thùng máy Lian Li Lancool 207 ATX - Đen | Kèm sẵn 4 fan (CASELL207RX),Lian Li,Thùng máy Lian Li Lancool 207 ATX - Đen | Kèm sẵn 4 fan (CASELL207RX),1999000,https://theme.hstatic.net/200000420363/1001333448/14/appbuyxgety-icon.png?v=6362,Case
Thùng máy Lian Li Lancool 207 ATX - Trắng | Kèm sẵn 4 fan (CASELL207RW),Lian Li,Thùng máy Lian Li Lancool 207 ATX - Trắng | Kèm sẵn 4 fan (CASELL207RW),2099000,https://theme.hstatic.net/200000420363/1001333448/14/appbuyxgety-icon.png?v=6362,Case
Thùng máy Lian Li Vector V100 - Đen (CASELLV100X),Lian Li,Thùng máy Lian Li Vector V100 - Đen (CASELLV100X),1299000,https://theme.hstatic.net/200000420363/1001333448/14/appbuyxgety-icon.png?v=6362,Case
Thùng máy Lian Li Vector V100 - Trắng (CASELLV100W),Lian Li,Thùng máy Lian Li Vector V100 - Trắng (CASELLV100W),1399000,https://theme.hstatic.net/200000420363/1001333448/14/appbuyxgety-icon.png?v=6362,Case
Thùng máy LinkTech IFRIT (Chưa Kèm FAN) - Đen,Unknown,Thùng máy LinkTech IFRIT (Chưa Kèm FAN) - Đen,519000,https://theme.hstatic.net/200000420363/1001333448/14/appbuyxgety-icon.png?v=6362,Case
Thùng máy LinkTech IFRIT ARGB Có Dải Led (Chưa Kèm FAN) - Đen,Unknown,Thùng máy LinkTech IFRIT ARGB Có Dải Led (Chưa Kèm FAN) - Đen,649000,https://theme.hstatic.net/200000420363/1001333448/14/appbuyxgety-icon.png?v=6362,Case
Thùng máy LinkTech Shiva (Chưa Kèm FAN) - Đen,Unknown,Thùng máy LinkTech Shiva (Chưa Kèm FAN) - Đen,589000,https://theme.hstatic.net/200000420363/1001333448/14/appbuyxgety-icon.png?v=6362,Case
Thùng máy LinkTech Shiva ARGB Có Dải Led (Chưa Kèm FAN) - Đen,Unknown,Thùng máy LinkTech Shiva ARGB Có Dải Led (Chưa Kèm FAN) - Đen,749000,https://theme.hstatic.net/200000420363/1001333448/14/appbuyxgety-icon.png?v=6362,Case
"Thùng máy Magic A-01 | ATX, Không Fan",Unknown,"Thùng máy Magic A-01 | ATX, Không Fan",245000,https://theme.hstatic.net/200000420363/1001333448/14/appbuyxgety-icon.png?v=6362,Case
"Thùng máy Magic Aqua-M Ultra Pro - Đen | Full Micro ATX, AIO 360 Top",Unknown,"Thùng máy Magic Aqua-M Ultra Pro - Đen | Full Micro ATX, AIO 360 Top",699000,https://theme.hstatic.net/200000420363/1001333448/14/appbuyxgety-icon.png?v=6362,Case
"Thùng máy Magic Aqua-M Ultra Pro - Trắng | Full Micro ATX, AIO 360 Top",Unknown,"Thùng máy Magic Aqua-M Ultra Pro - Trắng | Full Micro ATX, AIO 360 Top",769000,https://theme.hstatic.net/200000420363/1001333448/14/appbuyxgety-icon.png?v=6362,Case
Thùng máy Magic AquaM ULTra Songoku (Small M-ATX),Unknown,Thùng máy Magic AquaM ULTra Songoku (Small M-ATX),439000,https://theme.hstatic.net/200000420363/1001333448/14/appbuyxgety-icon.png?v=6362,Case
Thùng máy Magic AquaM ULTra Songoku (Small M-ATX),Unknown,Thùng máy Magic AquaM ULTra Songoku (Small M-ATX),429000,https://theme.hstatic.net/200000420363/1001333448/14/appbuyxgety-icon.png?v=6362,Case
Thùng máy Magic Gaming GA-02 Curved F-ATX Support AIO 360 (Hồ Cá) Không Kèm Sẵn Fan - Đen,Unknown,Thùng máy Magic Gaming GA-02 Curved F-ATX Support AIO 360 (Hồ Cá) Không Kèm Sẵn Fan - Đen,949000,https://theme.hstatic.net/200000420363/1001333448/14/appbuyxgety-icon.png?v=6362,Case
Thùng máy Magic Gaming GM-02 Curved M-ATX Support AIO 240 (Hồ Cá) Không Kèm Sẵn Fan - Trắng,Unknown,Thùng máy Magic Gaming GM-02 Curved M-ATX Support AIO 240 (Hồ Cá) Không Kèm Sẵn Fan - Trắng,579000,https://theme.hstatic.net/200000420363/1001333448/14/appbuyxgety-icon.png?v=6362,Case
Thùng máy Magic Gaming GM-02 Pro Curved M-ATX Support AIO 360 (Hồ Cá) Không Kèm Sẵn Fan - Đen,Unknown,Thùng máy Magic Gaming GM-02 Pro Curved M-ATX Support AIO 360 (Hồ Cá) Không Kèm Sẵn Fan - Đen,759000,https://theme.hstatic.net/200000420363/1001333448/14/appbuyxgety-icon.png?v=6362,Case
"Thùng máy Magic GM-01 Black Mesh | Đen, kèm sẵn 4 Fan RGB, mặt lưới",Unknown,"Thùng máy Magic GM-01 Black Mesh | Đen, kèm sẵn 4 Fan RGB, mặt lưới",605000,https://theme.hstatic.net/200000420363/1001333448/14/appbuyxgety-icon.png?v=6362,Case
"Thùng máy Magic GM-01 Mesh - Trắng | Micro ATX, Sẵn 4 fan RGB",Unknown,"Thùng máy Magic GM-01 Mesh - Trắng | Micro ATX, Sẵn 4 fan RGB",625000,https://theme.hstatic.net/200000420363/1001333448/14/appbuyxgety-icon.png?v=6362,Case
"Thùng máy Magic GM-01 White | Micro ATX, sẵn 4 fan RGB",Unknown,"Thùng máy Magic GM-01 White | Micro ATX, sẵn 4 fan RGB",645000,https://theme.hstatic.net/200000420363/1001333448/14/appbuyxgety-icon.png?v=6362,Case
"Thùng máy Magic GM-01 | Micro ATX, sẵn 4 fan RGB",Unknown,"Thùng máy Magic GM-01 | Micro ATX, sẵn 4 fan RGB",620000,https://theme.hstatic.net/200000420363/1001333448/14/appbuyxgety-icon.png?v=6362,Case
Thùng máy MAGIC GM-03 Black | Sẵn 4 fan RGB,Unknown,Thùng máy MAGIC GM-03 Black | Sẵn 4 fan RGB,520000,https://theme.hstatic.net/200000420363/1001333448/14/appbuyxgety-icon.png?v=6362,Case
Thùng máy Magic GM-06L Pro (Led RGB/ARGB) (Full M-ATX) (Aio 360 Top) - Đen,Unknown,Thùng máy Magic GM-06L Pro (Led RGB/ARGB) (Full M-ATX) (Aio 360 Top) - Đen,669000,https://theme.hstatic.net/200000420363/1001333448/14/appbuyxgety-icon.png?v=6362,Case
Thùng máy Magic GM-08L Pro (Led RGB/ARGB) (Full M-ATX) (Aio 360 Top) - Đen,Unknown,Thùng máy Magic GM-08L Pro (Led RGB/ARGB) (Full M-ATX) (Aio 360 Top) - Đen,749000,https://theme.hstatic.net/200000420363/1001333448/14/appbuyxgety-icon.png?v=6362,Case
"Thùng máy Magic Luxury 4F - Đen | Full Tower, kèm sẵn 4 fan",Unknown,"Thùng máy Magic Luxury 4F - Đen | Full Tower, kèm sẵn 4 fan",650000,https://theme.hstatic.net/200000420363/1001333448/14/appbuyxgety-icon.png?v=6362,Case
"Thùng máy Magic Luxury 4F - Trắng | Full Tower, kèm sẵn 4 fan",Unknown,"Thùng máy Magic Luxury 4F - Trắng | Full Tower, kèm sẵn 4 fan",660000,https://theme.hstatic.net/200000420363/1001333448/14/appbuyxgety-icon.png?v=6362,Case
"Thùng máy Magic M-07 (M-ATX, ITX)",Unknown,"Thùng máy Magic M-07 (M-ATX, ITX)",225000,https://theme.hstatic.net/200000420363/1001333448/14/appbuyxgety-icon.png?v=6362,Case
"Thùng máy Magic MIX - Hồng | Micro ATX, không kèm fan",Unknown,"Thùng máy Magic MIX - Hồng | Micro ATX, không kèm fan",459000,https://theme.hstatic.net/200000420363/1001333448/14/appbuyxgety-icon.png?v=6362,Case
"Thùng máy Magic MIX - Trắng | Micro ATX, không kèm fan",Unknown,"Thùng máy Magic MIX - Trắng | Micro ATX, không kèm fan",449000,https://theme.hstatic.net/200000420363/1001333448/14/appbuyxgety-icon.png?v=6362,Case
"Thùng máy MAGIC Mix Full Tower - Đen | E-ATX, không fan",Unknown,"Thùng máy MAGIC Mix Full Tower - Đen | E-ATX, không fan",879000,https://theme.hstatic.net/200000420363/1001333448/14/appbuyxgety-icon.png?v=6362,Case
"Thùng máy MAGIC Mix Full Tower - Trắng | E-ATX, không fan",Unknown,"Thùng máy MAGIC Mix Full Tower - Trắng | E-ATX, không fan",919000,https://theme.hstatic.net/200000420363/1001333448/14/appbuyxgety-icon.png?v=6362,Case
"Thùng máy Magic MIX Tower Pro | Trắng, AIO 360, không kèm fan",Unknown,"Thùng máy Magic MIX Tower Pro | Trắng, AIO 360, không kèm fan",829000,https://theme.hstatic.net/200000420363/1001333448/14/appbuyxgety-icon.png?v=6362,Case
"Thùng máy Magic MIX-Tower Đen | Micro ATX, không fan",Unknown,"Thùng máy Magic MIX-Tower Đen | Micro ATX, không fan",509000,https://theme.hstatic.net/200000420363/1001333448/14/appbuyxgety-icon.png?v=6362,Case
"Thùng máy Magic MIX-Tower Trắng | Micro ATX, không fan",Unknown,"Thùng máy Magic MIX-Tower Trắng | Micro ATX, không fan",529000,https://theme.hstatic.net/200000420363/1001333448/14/appbuyxgety-icon.png?v=6362,Case
"Thùng máy Magic Roger RGB M-ATX | Black, không kèm fan",ASUS,"Thùng máy Magic Roger RGB M-ATX | Black, không kèm fan",799000,https://theme.hstatic.net/200000420363/1001333448/14/appbuyxgety-icon.png?v=6362,Case
"Thùng máy Magic Vila Ultra - Đen | E-ATX, không Fan",Unknown,"Thùng máy Magic Vila Ultra - Đen | E-ATX, không Fan",1199000,https://theme.hstatic.net/200000420363/1001333448/14/appbuyxgety-icon.png?v=6362,Case
"Thùng máy Magic Vila Ultra - Trắng | E-ATX, không Fan",Unknown,"Thùng máy Magic Vila Ultra - Trắng | E-ATX, không Fan",1199000,https://theme.hstatic.net/200000420363/1001333448/14/appbuyxgety-icon.png?v=6362,Case
Thùng máy MIK Aether Gaming - Đen | Không kèm fan,Unknown,Thùng máy MIK Aether Gaming - Đen | Không kèm fan,590000,https://theme.hstatic.net/200000420363/1001333448/14/appbuyxgety-icon.png?v=6362,Case
Thùng máy MIK Aether Gaming - Trắng | Không kèm fan,Unknown,Thùng máy MIK Aether Gaming - Trắng | Không kèm fan,599000,https://theme.hstatic.net/200000420363/1001333448/14/appbuyxgety-icon.png?v=6362,Case
Thùng máy MIK Aion Black | Kèm sẵn 3 Fan RGB,Unknown,Thùng máy MIK Aion Black | Kèm sẵn 3 Fan RGB,630000,https://theme.hstatic.net/200000420363/1001333448/14/appbuyxgety-icon.png?v=6362,Case
Thùng máy Mik Barbatos M 360 - Black | Không kèm fan,Unknown,Thùng máy Mik Barbatos M 360 - Black | Không kèm fan,949000,https://theme.hstatic.net/200000420363/1001333448/14/appbuyxgety-icon.png?v=6362,Case
"Thùng máy Mik Focalors | Đen, không kèm fan",Unknown,"Thùng máy Mik Focalors | Đen, không kèm fan",949000,https://theme.hstatic.net/200000420363/1001333448/14/appbuyxgety-icon.png?v=6362,Case
Thùng máy MIK G3 Prism Glass M (M-ATX),Unknown,Thùng máy MIK G3 Prism Glass M (M-ATX),599000,https://theme.hstatic.net/200000420363/1001333448/14/appbuyxgety-icon.png?v=6362,Case
Thùng máy MIK G7 Led Strip (M-ATX),Unknown,Thùng máy MIK G7 Led Strip (M-ATX),839000,https://theme.hstatic.net/200000420363/1001333448/14/appbuyxgety-icon.png?v=6362,Case
Thùng máy MIK G8 Nova X (F-ATX) Trần Kính (Không kèm Fan),Unknown,Thùng máy MIK G8 Nova X (F-ATX) Trần Kính (Không kèm Fan),1279000,https://theme.hstatic.net/200000420363/1001333448/14/appbuyxgety-icon.png?v=6362,Case
Thùng máy MIK G8 Nova X (M-ATX) Trần Kính (Không kèm Fan),Unknown,Thùng máy MIK G8 Nova X (M-ATX) Trần Kính (Không kèm Fan),1049000,https://theme.hstatic.net/200000420363/1001333448/14/appbuyxgety-icon.png?v=6362,Case
"Thùng máy MIK Lumine 4FA - Trắng, kèm 4 fan ARGB",Unknown,"Thùng máy MIK Lumine 4FA - Trắng, kèm 4 fan ARGB",1399000,https://theme.hstatic.net/200000420363/1001333448/14/appbuyxgety-icon.png?v=6362,Case
Thùng máy MIK LV12 MINI ELITE - BLACK,Unknown,Thùng máy MIK LV12 MINI ELITE - BLACK,999000,https://theme.hstatic.net/200000420363/1001333448/14/appbuyxgety-icon.png?v=6362,Case
Thùng máy MIK LV12 MINI ELITE - White,Unknown,Thùng máy MIK LV12 MINI ELITE - White,999000,https://theme.hstatic.net/200000420363/1001333448/14/appbuyxgety-icon.png?v=6362,Case
Thùng máy MIK Morax 3FA - Đen,Unknown,Thùng máy MIK Morax 3FA - Đen,729000,https://theme.hstatic.net/200000420363/1001333448/14/appbuyxgety-icon.png?v=6362,Case
"Thùng máy MIK Storm 360 - White | Trắng, không kèm fan",Unknown,"Thùng máy MIK Storm 360 - White | Trắng, không kèm fan",899000,https://theme.hstatic.net/200000420363/1001333448/14/appbuyxgety-icon.png?v=6362,Case
Thùng máy Mirage2000 Forgame (Mirage2000),Unknown,Thùng máy Mirage2000 Forgame (Mirage2000),600000,https://theme.hstatic.net/200000420363/1001333448/14/appbuyxgety-icon.png?v=6362,Case
"Thùng máy Montech Heritage Pro (Mini PC) | Đen, kèm sẵn 4 fan",Unknown,"Thùng máy Montech Heritage Pro (Mini PC) | Đen, kèm sẵn 4 fan",2191000,https://theme.hstatic.net/200000420363/1001333448/14/appbuyxgety-icon.png?v=6362,Case
"Thùng máy Montech Heritage Pro (Mini PC) | Trắng, kèm sẵn 4 fan",Unknown,"Thùng máy Montech Heritage Pro (Mini PC) | Trắng, kèm sẵn 4 fan",2399000,https://theme.hstatic.net/200000420363/1001333448/14/appbuyxgety-icon.png?v=6362,Case
Thùng máy Montech King 95 Ultra LTD Editon - Black | Sẵn 6 fan ARGB,Unknown,Thùng máy Montech King 95 Ultra LTD Editon - Black | Sẵn 6 fan ARGB,5549000,https://theme.hstatic.net/200000420363/1001333448/14/appbuyxgety-icon.png?v=6362,Case
Thùng máy Montech Sky Two GX - Black | Kèm sẵn 3 fan 14cm,Unknown,Thùng máy Montech Sky Two GX - Black | Kèm sẵn 3 fan 14cm,1999000,https://theme.hstatic.net/200000420363/1001333448/14/appbuyxgety-icon.png?v=6362,Case
Thùng máy Montech Sky Two GX - White | Kèm sẵn 3 fan 14cm,Unknown,Thùng máy Montech Sky Two GX - White | Kèm sẵn 3 fan 14cm,2099000,https://theme.hstatic.net/200000420363/1001333448/14/appbuyxgety-icon.png?v=6362,Case
"Thùng máy Montech Sky Two | Mid Tower, Kèm sẵn 4 fan RGB",Unknown,"Thùng máy Montech Sky Two | Mid Tower, Kèm sẵn 4 fan RGB",18900002090000,https://theme.hstatic.net/200000420363/1001333448/14/appbuyxgety-icon.png?v=6362,Case
Thùng máy Montech X2 White (Trắng) (Tặng 3 Fan Rainbow),Unknown,Thùng máy Montech X2 White (Trắng) (Tặng 3 Fan Rainbow),750000,https://theme.hstatic.net/200000420363/1001333448/14/appbuyxgety-icon.png?v=6362,Case
Thùng máy Montech X3 Glass - Đen | Gắn sẵn 6 fan RGB,Unknown,Thùng máy Montech X3 Glass - Đen | Gắn sẵn 6 fan RGB,1030000,https://theme.hstatic.net/200000420363/1001333448/14/appbuyxgety-icon.png?v=6362,Case
Thùng máy Montech X3 Mesh Trắng (Gắn Sẵn 6 Fan RGB),Unknown,Thùng máy Montech X3 Mesh Trắng (Gắn Sẵn 6 Fan RGB),1050000,https://theme.hstatic.net/200000420363/1001333448/14/appbuyxgety-icon.png?v=6362,Case
"Thùng máy Montech X3 Mesh | Đen, Kèm sẵn 6 Fan RGB",Unknown,"Thùng máy Montech X3 Mesh | Đen, Kèm sẵn 6 Fan RGB",990000,https://theme.hstatic.net/200000420363/1001333448/14/appbuyxgety-icon.png?v=6362,Case
"Thùng máy Montech XR ATX - Black | Hồ cá, kèm sẵn 3 fan",Unknown,"Thùng máy Montech XR ATX - Black | Hồ cá, kèm sẵn 3 fan",1279000,https://theme.hstatic.net/200000420363/1001333448/14/appbuyxgety-icon.png?v=6362,Case
Thùng máy MSI MAG Forge 120A AirFlow | Kèm sẵn 6 fan RGB,MSI,Thùng máy MSI MAG Forge 120A AirFlow | Kèm sẵn 6 fan RGB,999000,https://theme.hstatic.net/200000420363/1001333448/14/appbuyxgety-icon.png?v=6362,Case
Thùng máy MSI MAG Forge 320R AirFlow | Kèm sẵn 4 fan ARGB,MSI,Thùng máy MSI MAG Forge 320R AirFlow | Kèm sẵn 4 fan ARGB,1299000,https://theme.hstatic.net/200000420363/1001333448/14/appbuyxgety-icon.png?v=6362,Case
"Thùng máy MSI MAG FORGE M100A | Đen, kèm sẵn 4 Fan RGB",MSI,"Thùng máy MSI MAG FORGE M100A | Đen, kèm sẵn 4 Fan RGB",899000,https://theme.hstatic.net/200000420363/1001333448/14/appbuyxgety-icon.png?v=6362,Case
Thùng máy MSI Pano 130R MLG Edition (Kèm Sẵn 4F ARGB),MSI,Thùng máy MSI Pano 130R MLG Edition (Kèm Sẵn 4F ARGB),5020000,https://theme.hstatic.net/200000420363/1001333448/14/appbuyxgety-icon.png?v=6362,Case
"Thùng máy NZXT H210i - Đen đỏ | Mini ITX, nhập khẩu (CA-H210i-W1)",NZXT,"Thùng máy NZXT H210i - Đen đỏ | Mini ITX, nhập khẩu (CA-H210i-W1)",1299000,https://theme.hstatic.net/200000420363/1001333448/14/appbuyxgety-icon.png?v=6362,Case
"Thùng máy NZXT H210i - Đen trắng | Mini ITX, nhập khẩu (CA-H210i-W1)",NZXT,"Thùng máy NZXT H210i - Đen trắng | Mini ITX, nhập khẩu (CA-H210i-W1)",1299000,https://theme.hstatic.net/200000420363/1001333448/14/appbuyxgety-icon.png?v=6362,Case
"Thùng máy NZXT H210i - Đen | Mini ITX, nhập khẩu (CA-H210i-W1)",NZXT,"Thùng máy NZXT H210i - Đen | Mini ITX, nhập khẩu (CA-H210i-W1)",1299000,https://theme.hstatic.net/200000420363/1001333448/14/appbuyxgety-icon.png?v=6362,Case
Thùng máy NZXT H5 Elite Black (CC-H51EB-01),NZXT,Thùng máy NZXT H5 Elite Black (CC-H51EB-01),2890000,https://theme.hstatic.net/200000420363/1001333448/14/appbuyxgety-icon.png?v=6362,Case
Thùng máy NZXT H5 Flow Black (CC-H51FB-01),NZXT,Thùng máy NZXT H5 Flow Black (CC-H51FB-01),1749000,https://theme.hstatic.net/200000420363/1001333448/14/appbuyxgety-icon.png?v=6362,Case
Thùng máy NZXT H5 Flow RGB WHITE,NZXT,Thùng máy NZXT H5 Flow RGB WHITE,2580000,https://theme.hstatic.net/200000420363/1001333448/14/appbuyxgety-icon.png?v=6362,Case
Thùng máy NZXT H5 Flow White (CC-H51FW-01),NZXT,Thùng máy NZXT H5 Flow White (CC-H51FW-01),1850000,https://theme.hstatic.net/200000420363/1001333448/14/appbuyxgety-icon.png?v=6362,Case
Thùng máy NZXT H510 (CA-H510B-W1) (Trắng),NZXT,Thùng máy NZXT H510 (CA-H510B-W1) (Trắng),1800000,https://theme.hstatic.net/200000420363/1001333448/14/appbuyxgety-icon.png?v=6362,Case
Thùng máy NZXT H510 Elite Matte Black (CA-H510E-B1) (Đen),NZXT,Thùng máy NZXT H510 Elite Matte Black (CA-H510E-B1) (Đen),2239000,https://theme.hstatic.net/200000420363/1001333448/14/appbuyxgety-icon.png?v=6362,Case
Thùng máy NZXT H7 Elite (Đen),NZXT,Thùng máy NZXT H7 Elite (Đen),4590000,https://theme.hstatic.net/200000420363/1001333448/14/appbuyxgety-icon.png?v=6362,Case
Thùng máy NZXT H7 Elite RGB White,NZXT,Thùng máy NZXT H7 Elite RGB White,3699000,https://theme.hstatic.net/200000420363/1001333448/14/appbuyxgety-icon.png?v=6362,Case
Thùng máy NZXT H7 Flow 2024 - White | kèm sẵn 3 fan F120Q (CM-H72FW-01),NZXT,Thùng máy NZXT H7 Flow 2024 - White | kèm sẵn 3 fan F120Q (CM-H72FW-01),2999000,https://theme.hstatic.net/200000420363/1001333448/14/appbuyxgety-icon.png?v=6362,Case
Thùng máy NZXT H7 Flow RGB 2024 - Black | Kèm sẵn 1 fan F360 RGB Core (CM-H72FB-R1),NZXT,Thùng máy NZXT H7 Flow RGB 2024 - Black | Kèm sẵn 1 fan F360 RGB Core (CM-H72FB-R1),3599000,https://theme.hstatic.net/200000420363/1001333448/14/appbuyxgety-icon.png?v=6362,Case
Thùng máy NZXT H7 Flow RGB 2024 - White | Kèm sẵn 1 fan F360 RGB Core (CM-H72FW-R1),NZXT,Thùng máy NZXT H7 Flow RGB 2024 - White | Kèm sẵn 1 fan F360 RGB Core (CM-H72FW-R1),3599000,https://theme.hstatic.net/200000420363/1001333448/14/appbuyxgety-icon.png?v=6362,Case
Thùng máy NZXT H7 Flow RGB Black,NZXT,Thùng máy NZXT H7 Flow RGB Black,3460000,https://theme.hstatic.net/200000420363/1001333448/14/appbuyxgety-icon.png?v=6362,Case
Thùng máy NZXT H7 Flow White,NZXT,Thùng máy NZXT H7 Flow White,2790000,https://theme.hstatic.net/200000420363/1001333448/14/appbuyxgety-icon.png?v=6362,Case
"Thùng máy NZXT H9 Elite (Black/ White) | Mid Tower, kèm sẵn 4 fan",NZXT,"Thùng máy NZXT H9 Elite (Black/ White) | Mid Tower, kèm sẵn 4 fan",52400005390000,https://theme.hstatic.net/200000420363/1001333448/14/appbuyxgety-icon.png?v=6362,Case
Thùng máy Phanteks Eclipse P400 Air Tempered Glass Black (3 Fan RGB) – CSEPH-EC400ATG-DBK01,Phanteks,Thùng máy Phanteks Eclipse P400 Air Tempered Glass Black (3 Fan RGB) – CSEPH-EC400ATG-DBK01,1999000,https://theme.hstatic.net/200000420363/1001333448/14/appbuyxgety-icon.png?v=6362,Case
"Thùng máy RedMoon Naked PC - Đen | Open case, không fan",Unknown,"Thùng máy RedMoon Naked PC - Đen | Open case, không fan",549000,https://theme.hstatic.net/200000420363/1001333448/14/appbuyxgety-icon.png?v=6362,Case
Thùng máy Sama A302,Sama,Thùng máy Sama A302,299000,https://theme.hstatic.net/200000420363/1001333448/14/appbuyxgety-icon.png?v=6362,Case
"Thùng máy Segotep Endura 240S - Đen | Micro ATX, không fan",Segotep,"Thùng máy Segotep Endura 240S - Đen | Micro ATX, không fan",549000,https://theme.hstatic.net/200000420363/1001333448/14/appbuyxgety-icon.png?v=6362,Case
"Thùng máy Segotep Endura Pro+ Đen | Full-ATX, không fan",Segotep,"Thùng máy Segotep Endura Pro+ Đen | Full-ATX, không fan",890000,https://theme.hstatic.net/200000420363/1001333448/14/appbuyxgety-icon.png?v=6362,Case
Thùng máy Shiny Snake G500 LCD Mini ITX - Black,Unknown,Thùng máy Shiny Snake G500 LCD Mini ITX - Black,2649000,https://theme.hstatic.net/200000420363/1001333448/14/appbuyxgety-icon.png?v=6362,Case
Thùng máy Thermaltake Core P3 TG Pro - Đen (CA-1G4-00M1WN-09),Thermaltake,Thùng máy Thermaltake Core P3 TG Pro - Đen (CA-1G4-00M1WN-09),2990000,https://theme.hstatic.net/200000420363/1001333448/14/appbuyxgety-icon.png?v=6362,Case
"Thùng máy Thermaltake CTE E600 MX Snow Mid Tower Chassis | Trắng, không kèm fan (CA-1Y3-00M6WN-00)",Thermaltake,"Thùng máy Thermaltake CTE E600 MX Snow Mid Tower Chassis | Trắng, không kèm fan (CA-1Y3-00M6WN-00)",4190000,https://theme.hstatic.net/200000420363/1001333448/14/appbuyxgety-icon.png?v=6362,Case
Thùng máy Thermaltake CTE E660 MX - Đen (CA-1Y3-00M1WN-01),Thermaltake,Thùng máy Thermaltake CTE E660 MX - Đen (CA-1Y3-00M1WN-01),3999000,https://theme.hstatic.net/200000420363/1001333448/14/appbuyxgety-icon.png?v=6362,Case
Thùng máy Thermaltake Divider 300 TG Snow ARGB Mid Tower Chassis (Trắng) (CA-1S2-00M6WN-01),Thermaltake,Thùng máy Thermaltake Divider 300 TG Snow ARGB Mid Tower Chassis (Trắng) (CA-1S2-00M6WN-01),1890000,https://theme.hstatic.net/200000420363/1001333448/14/appbuyxgety-icon.png?v=6362,Case
Thùng máy Thermaltake Divider 500 TG Mid Tower Chassis,Thermaltake,Thùng máy Thermaltake Divider 500 TG Mid Tower Chassis,30500003550000,https://theme.hstatic.net/200000420363/1001333448/14/appbuyxgety-icon.png?v=6362,Case
"Thùng máy Thermaltake H570 TG ARGB Snow Mid Tower Chassis | Trắng, sẵn 3 fan ARGB (CA-1T9-00M6WN-01)",Thermaltake,"Thùng máy Thermaltake H570 TG ARGB Snow Mid Tower Chassis | Trắng, sẵn 3 fan ARGB (CA-1T9-00M6WN-01)",1899000,https://theme.hstatic.net/200000420363/1001333448/14/appbuyxgety-icon.png?v=6362,Case
"Thùng máy Thermaltake S200 TG ARGB Mid Tower Chassis | Đen, sẵn 4 fan ARGB (CA-1X2-00M1WN-00)",Thermaltake,"Thùng máy Thermaltake S200 TG ARGB Mid Tower Chassis | Đen, sẵn 4 fan ARGB (CA-1X2-00M1WN-00)",1250000,https://theme.hstatic.net/200000420363/1001333448/14/appbuyxgety-icon.png?v=6362,Case
"Thùng máy Thermaltake S200 TG ARGB Snow Mid Tower Chassis | Trắng, sẵn 4 fan ARGB (CA-1X2-00M6WN-00)",Thermaltake,"Thùng máy Thermaltake S200 TG ARGB Snow Mid Tower Chassis | Trắng, sẵn 4 fan ARGB (CA-1X2-00M6WN-00)",1149000,https://theme.hstatic.net/200000420363/1001333448/14/appbuyxgety-icon.png?v=6362,Case
Thùng máy Thermaltake S300 TG Snow Edition Mid-Tower Chassis (Trắng) (CA-1P5-00M6WN-00),Thermaltake,Thùng máy Thermaltake S300 TG Snow Edition Mid-Tower Chassis (Trắng) (CA-1P5-00M6WN-00),1699000,https://theme.hstatic.net/200000420363/1001333448/14/appbuyxgety-icon.png?v=6362,Case
"Thùng máy Thermaltake The Tower 300 Hydrangea Blue Micro Tower Chassis | Xanh, sẵn 2 fan ARGB 14cm (CA-1Y4-00SFWN-00)",Thermaltake,"Thùng máy Thermaltake The Tower 300 Hydrangea Blue Micro Tower Chassis | Xanh, sẵn 2 fan ARGB 14cm (CA-1Y4-00SFWN-00)",3190000,https://theme.hstatic.net/200000420363/1001333448/14/appbuyxgety-icon.png?v=6362,Case
"Thùng máy Thermaltake The Tower 300 Micro Tower Chassis | Đen, sẵn 2 fan ARGB 14cm (CA-1Y4-00S1WN-00)",Thermaltake,"Thùng máy Thermaltake The Tower 300 Micro Tower Chassis | Đen, sẵn 2 fan ARGB 14cm (CA-1Y4-00S1WN-00)",2990000,https://theme.hstatic.net/200000420363/1001333448/14/appbuyxgety-icon.png?v=6362,Case
"Thùng máy Thermaltake The Tower 300 Snow Micro Tower Chassis | Trắng, sẵn 2 fan ARGB 14cm (CA-1Y4-00S6WN-00)",Thermaltake,"Thùng máy Thermaltake The Tower 300 Snow Micro Tower Chassis | Trắng, sẵn 2 fan ARGB 14cm (CA-1Y4-00S6WN-00)",3090000,https://theme.hstatic.net/200000420363/1001333448/14/appbuyxgety-icon.png?v=6362,Case
Thùng máy Thermaltake Tower 300 Gravel Sand M-ATX | Sẵn 2 fan 14cm,Thermaltake,Thùng máy Thermaltake Tower 300 Gravel Sand M-ATX | Sẵn 2 fan 14cm,3699000,https://theme.hstatic.net/200000420363/1001333448/14/appbuyxgety-icon.png?v=6362,Case
Thùng máy Thermaltake Tower 300 Peach Fuzz M-ATX | Sẵn 2 fan 14cm,Thermaltake,Thùng máy Thermaltake Tower 300 Peach Fuzz M-ATX | Sẵn 2 fan 14cm,3699000,https://theme.hstatic.net/200000420363/1001333448/14/appbuyxgety-icon.png?v=6362,Case
Thùng máy Thermaltake View 170 TG ARGB Micro Chassis - Black | Sẵn 3 fan ARGB (CA-1Z4-00M1WN-00),Thermaltake,Thùng máy Thermaltake View 170 TG ARGB Micro Chassis - Black | Sẵn 3 fan ARGB (CA-1Z4-00M1WN-00),1189000,https://theme.hstatic.net/200000420363/1001333448/14/appbuyxgety-icon.png?v=6362,Case
Thùng máy Thermaltake View 270 TG ARGB - Black (CA-1Y7-00M1WN-00),Thermaltake,Thùng máy Thermaltake View 270 TG ARGB - Black (CA-1Y7-00M1WN-00),1499000,https://theme.hstatic.net/200000420363/1001333448/14/appbuyxgety-icon.png?v=6362,Case
Thùng máy Thermaltake View V250 TG ARGB Mid Tower Chassis (Đen) (CA-1Q5-00M1WN-00),Thermaltake,Thùng máy Thermaltake View V250 TG ARGB Mid Tower Chassis (Đen) (CA-1Q5-00M1WN-00),1250000,https://theme.hstatic.net/200000420363/1001333448/14/appbuyxgety-icon.png?v=6362,Case
"Thùng máy văn phòng VSP V600 | Kèm sẵn 1 fan 90mm, thép 0.8mm",VSP,"Thùng máy văn phòng VSP V600 | Kèm sẵn 1 fan 90mm, thép 0.8mm",359000,https://theme.hstatic.net/200000420363/1001333448/14/appbuyxgety-icon.png?v=6362,Case
Thùng máy Vision V3607 (No Fan),Unknown,Thùng máy Vision V3607 (No Fan),440000,https://theme.hstatic.net/200000420363/1001333448/14/appbuyxgety-icon.png?v=6362,Case
"Thùng máy Vitra Cruise AX3 - Đen | Micro ATX, kèm sẵn 4 fan RGB",Vitra,"Thùng máy Vitra Cruise AX3 - Đen | Micro ATX, kèm sẵn 4 fan RGB",539000,https://theme.hstatic.net/200000420363/1001333448/14/appbuyxgety-icon.png?v=6362,Case
Thùng máy VSP Aqual X3 - Trắng | Không kèm fan,VSP,Thùng máy VSP Aqual X3 - Trắng | Không kèm fan,409000,https://theme.hstatic.net/200000420363/1001333448/14/appbuyxgety-icon.png?v=6362,Case
Thùng máy VSP C19 Wooden (F-Atx) (Chưa Kèm Fan) - Trắng,VSP,Thùng máy VSP C19 Wooden (F-Atx) (Chưa Kèm Fan) - Trắng,689000,https://theme.hstatic.net/200000420363/1001333448/14/appbuyxgety-icon.png?v=6362,Case
Thùng máy VSP E-ROG ES1 (Đen) Gaming,ASUS,Thùng máy VSP E-ROG ES1 (Đen) Gaming,769000,https://theme.hstatic.net/200000420363/1001333448/14/appbuyxgety-icon.png?v=6362,Case
"Thùng máy VSP Esport Gaming KB09 Black | Đen, Không Fan",VSP,"Thùng máy VSP Esport Gaming KB09 Black | Đen, Không Fan",329000,https://theme.hstatic.net/200000420363/1001333448/14/appbuyxgety-icon.png?v=6362,Case
Thùng máy VSP ESPORT ROG ES1 Gaming (No Fan) (Hồng),ASUS,Thùng máy VSP ESPORT ROG ES1 Gaming (No Fan) (Hồng),799000,https://theme.hstatic.net/200000420363/1001333448/14/appbuyxgety-icon.png?v=6362,Case
Thùng máy VSP ESPORT ROG ES1 Gaming (No Fan) (Trắng),ASUS,Thùng máy VSP ESPORT ROG ES1 Gaming (No Fan) (Trắng),799000,https://theme.hstatic.net/200000420363/1001333448/14/appbuyxgety-icon.png?v=6362,Case
"Thùng máy VSP Gaming FA-01 - Black | Support E-ATX, Workstation, Không kèm fan",VSP,"Thùng máy VSP Gaming FA-01 - Black | Support E-ATX, Workstation, Không kèm fan",579000,https://theme.hstatic.net/200000420363/1001333448/14/appbuyxgety-icon.png?v=6362,Case
Thùng máy VSP Gaming V3-601P Pink (No Fan),VSP,Thùng máy VSP Gaming V3-601P Pink (No Fan),390000,https://theme.hstatic.net/200000420363/1001333448/14/appbuyxgety-icon.png?v=6362,Case
Thùng máy VSP Havester-CHIA SAS-24HDD (HDD 3.5″ x 24),VSP,Thùng máy VSP Havester-CHIA SAS-24HDD (HDD 3.5″ x 24),10900000,https://theme.hstatic.net/200000420363/1001333448/14/appbuyxgety-icon.png?v=6362,Case
Thùng máy VSP V200 - Đen,VSP,Thùng máy VSP V200 - Đen,279000,https://theme.hstatic.net/200000420363/1001333448/14/appbuyxgety-icon.png?v=6362,Case
Thùng máy VSP V200 - Trắng Bạc,VSP,Thùng máy VSP V200 - Trắng Bạc,289000,https://theme.hstatic.net/200000420363/1001333448/14/appbuyxgety-icon.png?v=6362,Case
Thùng máy VSP V2880 | Micro ATX,VSP,Thùng máy VSP V2880 | Micro ATX,225000,https://theme.hstatic.net/200000420363/1001333448/14/appbuyxgety-icon.png?v=6362,Case
Thùng máy VSP V4 - Hồng | Không kèm fan,VSP,Thùng máy VSP V4 - Hồng | Không kèm fan,489000,https://theme.hstatic.net/200000420363/1001333448/14/appbuyxgety-icon.png?v=6362,Case
Thùng máy VSP V500 - Đen,VSP,Thùng máy VSP V500 - Đen,399000,https://theme.hstatic.net/200000420363/1001333448/14/appbuyxgety-icon.png?v=6362,Case
Thùng máy VSP V500 - Trắng,VSP,Thùng máy VSP V500 - Trắng,399000,https://theme.hstatic.net/200000420363/1001333448/14/appbuyxgety-icon.png?v=6362,Case
"Thùng máy VSP X3 Pro Gamer Edition Monitor - Đen, không kèm fan",VSP,"Thùng máy VSP X3 Pro Gamer Edition Monitor - Đen, không kèm fan",1079000,https://theme.hstatic.net/200000420363/1001333448/14/appbuyxgety-icon.png?v=6362,Case
Thùng máy VSP X7 - Black (Kính cong),VSP,Thùng máy VSP X7 - Black (Kính cong),569000,https://theme.hstatic.net/200000420363/1001333448/14/appbuyxgety-icon.png?v=6362,Case
"Thùng máy Xigmatek Alpha Meta | E-ATX, BTF Design, không kèm fan",Xigmatek,"Thùng máy Xigmatek Alpha Meta | E-ATX, BTF Design, không kèm fan",1499000,https://theme.hstatic.net/200000420363/1001333448/14/appbuyxgety-icon.png?v=6362,Case
Thùng máy Xigmatek Alpha Pano M (Micro ATX) - Black,Xigmatek,Thùng máy Xigmatek Alpha Pano M (Micro ATX) - Black,879000,https://theme.hstatic.net/200000420363/1001333448/14/appbuyxgety-icon.png?v=6362,Case
Thùng máy Xigmatek Alphard ATX - Đen | Kèm sẵn 3 fan (EN 43796),Xigmatek,Thùng máy Xigmatek Alphard ATX - Đen | Kèm sẵn 3 fan (EN 43796),999000,https://theme.hstatic.net/200000420363/1001333448/14/appbuyxgety-icon.png?v=6362,Case
Thùng máy Xigmatek Alphard Micro ATX - Đen | Kèm sẵn 3 fan (EN 44090),Xigmatek,Thùng máy Xigmatek Alphard Micro ATX - Đen | Kèm sẵn 3 fan (EN 44090),799000,https://theme.hstatic.net/200000420363/1001333448/14/appbuyxgety-icon.png?v=6362,Case
Thùng máy Xigmatek Alphard Micro ATX - Trắng | Kèm sẵn 3 fan (EN 44113),Xigmatek,Thùng máy Xigmatek Alphard Micro ATX - Trắng | Kèm sẵn 3 fan (EN 44113),849000,https://theme.hstatic.net/200000420363/1001333448/14/appbuyxgety-icon.png?v=6362,Case
Thùng máy XIGMATEK ANUBIS PRO 4FX E ATX (EN40771) (KÈM 04 FAN ARGB),Xigmatek,Thùng máy XIGMATEK ANUBIS PRO 4FX E ATX (EN40771) (KÈM 04 FAN ARGB),1129000,https://theme.hstatic.net/200000420363/1001333448/14/appbuyxgety-icon.png?v=6362,Case
Thùng máy Xigmatek BLAST M (M-ATX) - Black,Xigmatek,Thùng máy Xigmatek BLAST M (M-ATX) - Black,639000,https://theme.hstatic.net/200000420363/1001333448/14/appbuyxgety-icon.png?v=6362,Case
Thùng máy Xigmatek BLAST M (M-ATX) - White,Xigmatek,Thùng máy Xigmatek BLAST M (M-ATX) - White,679000,https://theme.hstatic.net/200000420363/1001333448/14/appbuyxgety-icon.png?v=6362,Case
"Thùng máy Xigmatek CUBI II - Black | E-ATX, BTF Design, không fan QSD",Xigmatek,"Thùng máy Xigmatek CUBI II - Black | E-ATX, BTF Design, không fan QSD",1049000,https://theme.hstatic.net/200000420363/1001333448/14/appbuyxgety-icon.png?v=6362,Case
"Thùng máy Xigmatek Cubi M - Đen | Micro ATX, không fan",Xigmatek,"Thùng máy Xigmatek Cubi M - Đen | Micro ATX, không fan",849000,https://theme.hstatic.net/200000420363/1001333448/14/appbuyxgety-icon.png?v=6362,Case
Thùng máy Xigmatek Cubi M Nano M-ATX Black | Không kèm fan (EN 44953) QSD,Xigmatek,Thùng máy Xigmatek Cubi M Nano M-ATX Black | Không kèm fan (EN 44953) QSD,849000,https://theme.hstatic.net/200000420363/1001333448/14/appbuyxgety-icon.png?v=6362,Case
Thùng máy Xigmatek DUO X 3F ATX - Black,Xigmatek,Thùng máy Xigmatek DUO X 3F ATX - Black,689000,https://theme.hstatic.net/200000420363/1001333448/14/appbuyxgety-icon.png?v=6362,Case
Thùng máy Xigmatek Gaming X II 3F - Black | Kèm sẵn 3 fan RGB Fixed (EN42355),Xigmatek,Thùng máy Xigmatek Gaming X II 3F - Black | Kèm sẵn 3 fan RGB Fixed (EN42355),719000,https://theme.hstatic.net/200000420363/1001333448/14/appbuyxgety-icon.png?v=6362,Case
Thùng máy Xigmatek MYX 3F - Black | Kèm 3 fan led,Xigmatek,Thùng máy Xigmatek MYX 3F - Black | Kèm 3 fan led,579000,https://theme.hstatic.net/200000420363/1001333448/14/appbuyxgety-icon.png?v=6362,Case
Thùng máy Xigmatek MYX Air 3F - Black | Kèm 3 fan led,Xigmatek,Thùng máy Xigmatek MYX Air 3F - Black | Kèm 3 fan led,569000,https://theme.hstatic.net/200000420363/1001333448/14/appbuyxgety-icon.png?v=6362,Case
Thùng máy Xigmatek Ocean M Nano Arctic M-ATX (EN 45417) (Không Kèm Fan),Xigmatek,Thùng máy Xigmatek Ocean M Nano Arctic M-ATX (EN 45417) (Không Kèm Fan),699000,https://theme.hstatic.net/200000420363/1001333448/14/appbuyxgety-icon.png?v=6362,Case
Thùng máy Xigmatek Ocean M Nano M-ATX (EN 45400) (Không Kèm Fan) Đen,Xigmatek,Thùng máy Xigmatek Ocean M Nano M-ATX (EN 45400) (Không Kèm Fan) Đen,679000,https://theme.hstatic.net/200000420363/1001333448/14/appbuyxgety-icon.png?v=6362,Case
Thùng máy Xigmatek Pano II ATX (Không Kèm Fan) - Đen,Xigmatek,Thùng máy Xigmatek Pano II ATX (Không Kèm Fan) - Đen,1599000,https://theme.hstatic.net/200000420363/1001333448/14/appbuyxgety-icon.png?v=6362,Case
Thùng máy Xigmatek View II 3F M-ATX | Màu đen,Xigmatek,Thùng máy Xigmatek View II 3F M-ATX | Màu đen,559000,https://theme.hstatic.net/200000420363/1001333448/14/appbuyxgety-icon.png?v=6362,Case
Thùng máy Xigmatek XA-20 (EN46072) (No Fan),Xigmatek,Thùng máy Xigmatek XA-20 (EN46072) (No Fan),299000,https://theme.hstatic.net/200000420363/1001333448/14/appbuyxgety-icon.png?v=6362,Case
Thùng máy Xigmatek XA-22 (EN47567) | Không Fan,Xigmatek,Thùng máy Xigmatek XA-22 (EN47567) | Không Fan,275000,https://theme.hstatic.net/200000420363/1001333448/14/appbuyxgety-icon.png?v=6362,Case
Thùng máy Xigmatek XS-25 M-ATX (Đen),Xigmatek,Thùng máy Xigmatek XS-25 M-ATX (Đen),229000,https://theme.hstatic.net/200000420363/1001333448/14/appbuyxgety-icon.png?v=6362,Case
