ten_cpu,hang,thong_so,gia_vnd,link_hinh_anh,category
"CPU AMD A8 7680 | FM2+, 4 nhân/4 luồng, Max 3.8 GHz",AMD,"CPU AMD A8 7680 | FM2+, 4 nhân/4 luồng, Max 3.8 GHz",490000590000,https://theme.hstatic.net/200000420363/1001333448/14/appbuyxgety-icon.png?v=6362,CPU
"CPU AMD Athlon 3000G | AM4, 2 nhân/4 luồng",AMD,"CPU AMD Athlon 3000G | AM4, 2 nhân/4 luồng",5500001230000,https://theme.hstatic.net/200000420363/1001333448/14/appbuyxgety-icon.png?v=6362,CPU
"CPU AMD Ryzen 3 3200G | AM4, 4 nhân/4 luồng, Max 4.0 GHz",AMD,"CPU AMD Ryzen 3 3200G | AM4, 4 nhân/4 luồng, Max 4.0 GHz",8900001780000,https://theme.hstatic.net/200000420363/1001333448/14/appbuyxgety-icon.png?v=6362,CPU
"CPU AMD Ryzen 3 3300X | AM4, 4 nhân/8 luồng, Max 4.3 GHz",AMD,"CPU AMD Ryzen 3 3300X | AM4, 4 nhân/8 luồng, Max 4.3 GHz",2290000,https://theme.hstatic.net/200000420363/1001333448/14/appbuyxgety-icon.png?v=6362,CPU
"CPU AMD Ryzen 3 4100 MPK Tray - Nobox | AM4, 4 nhân/8 luồng, Max 4.0 GHz",AMD,"CPU AMD Ryzen 3 4100 MPK Tray - Nobox | AM4, 4 nhân/8 luồng, Max 4.0 GHz",1890000,https://theme.hstatic.net/200000420363/1001333448/14/appbuyxgety-icon.png?v=6362,CPU
"CPU AMD Ryzen 3 4100 | AM4, 4 nhân/8 luồng, Max 4.0 GHz",AMD,"CPU AMD Ryzen 3 4100 | AM4, 4 nhân/8 luồng, Max 4.0 GHz",1890000,https://theme.hstatic.net/200000420363/1001333448/14/appbuyxgety-icon.png?v=6362,CPU
"CPU AMD Ryzen 3 4300G | AM4, 4 nhân/8 luồng, Max 4.0 GHz",AMD,"CPU AMD Ryzen 3 4300G | AM4, 4 nhân/8 luồng, Max 4.0 GHz",2190000,https://theme.hstatic.net/200000420363/1001333448/14/appbuyxgety-icon.png?v=6362,CPU
"CPU AMD Ryzen 5 3400G | AM4, 4 nhân/8 luồng, Max 4.2 GHz",AMD,"CPU AMD Ryzen 5 3400G | AM4, 4 nhân/8 luồng, Max 4.2 GHz",1890000,https://theme.hstatic.net/200000420363/1001333448/14/appbuyxgety-icon.png?v=6362,CPU
"CPU AMD Ryzen 5 5500 | AM4, 6 nhân/12 luồng, Max 4.2 GHz",AMD,"CPU AMD Ryzen 5 5500 | AM4, 6 nhân/12 luồng, Max 4.2 GHz",2190000,https://theme.hstatic.net/200000420363/1001333448/14/appbuyxgety-icon.png?v=6362,CPU
"CPU AMD Ryzen 5 5500GT Tray - Nobox | AM4, 6 nhân/12 luồng, Max 4.4Ghz",AMD,"CPU AMD Ryzen 5 5500GT Tray - Nobox | AM4, 6 nhân/12 luồng, Max 4.4Ghz",3390000,https://theme.hstatic.net/200000420363/1001333448/14/appbuyxgety-icon.png?v=6362,CPU
"CPU AMD Ryzen 5 5500GT | AM4, 6 nhân/12 luồng, Max 4.4 GHz",AMD,"CPU AMD Ryzen 5 5500GT | AM4, 6 nhân/12 luồng, Max 4.4 GHz",3490000,https://theme.hstatic.net/200000420363/1001333448/14/appbuyxgety-icon.png?v=6362,CPU
"CPU AMD Ryzen 5 5600G | AM4, 6 nhân/12 luồng, Max 4.4 GHz",AMD,"CPU AMD Ryzen 5 5600G | AM4, 6 nhân/12 luồng, Max 4.4 GHz",3490000,https://theme.hstatic.net/200000420363/1001333448/14/appbuyxgety-icon.png?v=6362,CPU
"CPU AMD Ryzen 5 5600GT | AM4, 6 nhân/12 luồng, Max 4.6 GHz",AMD,"CPU AMD Ryzen 5 5600GT | AM4, 6 nhân/12 luồng, Max 4.6 GHz",3690000,https://theme.hstatic.net/200000420363/1001333448/14/appbuyxgety-icon.png?v=6362,CPU
"CPU AMD Ryzen 5 5600X | AM4, 6 nhân/12 luồng, Max 4.6 GHz",AMD,"CPU AMD Ryzen 5 5600X | AM4, 6 nhân/12 luồng, Max 4.6 GHz",33990003450000,https://theme.hstatic.net/200000420363/1001333448/14/appbuyxgety-icon.png?v=6362,CPU
"CPU AMD Ryzen 5 7500F Tray - Nobox | AM5, 6 nhân/12 luồng, Max 5.0 GHz",AMD,"CPU AMD Ryzen 5 7500F Tray - Nobox | AM5, 6 nhân/12 luồng, Max 5.0 GHz",3590000,https://theme.hstatic.net/200000420363/1001333448/14/appbuyxgety-icon.png?v=6362,CPU
"CPU AMD Ryzen 5 7500F | AM5, 6 nhân/12 luồng, Max 5.0 GHz",AMD,"CPU AMD Ryzen 5 7500F | AM5, 6 nhân/12 luồng, Max 5.0 GHz",3990000,https://theme.hstatic.net/200000420363/1001333448/14/appbuyxgety-icon.png?v=6362,CPU
"CPU AMD Ryzen 5 7500X3D | AM5, 6 Nhân/12 Luồng, Max 4.5 GHz | No Box (100-000001904)",AMD,"CPU AMD Ryzen 5 7500X3D | AM5, 6 Nhân/12 Luồng, Max 4.5 GHz | No Box (100-000001904)",6690000,https://theme.hstatic.net/200000420363/1001333448/14/appbuyxgety-icon.png?v=6362,CPU
"CPU AMD Ryzen 5 7600 | AM5, 6 nhân/12 luồng, Max 5.1 GHz",AMD,"CPU AMD Ryzen 5 7600 | AM5, 6 nhân/12 luồng, Max 5.1 GHz",4690000,https://theme.hstatic.net/200000420363/1001333448/14/appbuyxgety-icon.png?v=6362,CPU
"CPU AMD Ryzen 5 7600X | AM5, 6 nhân/12 luồng, Max 5.3 GHz",AMD,"CPU AMD Ryzen 5 7600X | AM5, 6 nhân/12 luồng, Max 5.3 GHz",6190000,https://theme.hstatic.net/200000420363/1001333448/14/appbuyxgety-icon.png?v=6362,CPU
"CPU AMD Ryzen 5 7600X3D | AM5, 6 nhân/12 luồng, Max 4.7 GHz",AMD,"CPU AMD Ryzen 5 7600X3D | AM5, 6 nhân/12 luồng, Max 4.7 GHz",7990000,https://theme.hstatic.net/200000420363/1001333448/14/appbuyxgety-icon.png?v=6362,CPU
"CPU AMD Ryzen 5 8500G | AM5, 6 nhân/12 luồng, Max 5.0 GHz",AMD,"CPU AMD Ryzen 5 8500G | AM5, 6 nhân/12 luồng, Max 5.0 GHz",4149000,https://theme.hstatic.net/200000420363/1001333448/14/appbuyxgety-icon.png?v=6362,CPU
"CPU AMD Ryzen 5 8600G | AM5, 6 nhân/12 luồng, Max 5.0 GHz",AMD,"CPU AMD Ryzen 5 8600G | AM5, 6 nhân/12 luồng, Max 5.0 GHz",6390000,https://theme.hstatic.net/200000420363/1001333448/14/appbuyxgety-icon.png?v=6362,CPU
"CPU AMD Ryzen 5 PRO 4650G MPK Tray - Nobox | AM4, 6 nhân/12 luồng, Max 4.2 GHz",AMD,"CPU AMD Ryzen 5 PRO 4650G MPK Tray - Nobox | AM4, 6 nhân/12 luồng, Max 4.2 GHz",3090000,https://theme.hstatic.net/200000420363/1001333448/14/appbuyxgety-icon.png?v=6362,CPU
"CPU AMD Ryzen 7 5700 | AM4, 8 nhân/16 luồng, Max 4.6 GHz",AMD,"CPU AMD Ryzen 7 5700 | AM4, 8 nhân/16 luồng, Max 4.6 GHz",4800000,https://theme.hstatic.net/200000420363/1001333448/14/appbuyxgety-icon.png?v=6362,CPU
"CPU AMD Ryzen 7 7700 Tray - Nobox | AM5, 8 nhân/16 luồng, Max 5.3 GHz",AMD,"CPU AMD Ryzen 7 7700 Tray - Nobox | AM5, 8 nhân/16 luồng, Max 5.3 GHz",5450000,https://theme.hstatic.net/200000420363/1001333448/14/appbuyxgety-icon.png?v=6362,CPU
"CPU AMD Ryzen 7 7800X 3D Tray - Nobox | AM5, 8 nhân/16 luồng, Max 5.0 GHz",AMD,"CPU AMD Ryzen 7 7800X 3D Tray - Nobox | AM5, 8 nhân/16 luồng, Max 5.0 GHz",8690000,https://theme.hstatic.net/200000420363/1001333448/14/appbuyxgety-icon.png?v=6362,CPU
"CPU AMD Ryzen 7 7800X 3D Tray - Nobox | AM5, 8 nhân/16 luồng, Max 5.0 GHz",AMD,"CPU AMD Ryzen 7 7800X 3D Tray - Nobox | AM5, 8 nhân/16 luồng, Max 5.0 GHz",8890000,https://theme.hstatic.net/200000420363/1001333448/14/appbuyxgety-icon.png?v=6362,CPU
"CPU AMD Ryzen 7 9800X3D Tray - Nobox | AM5, 8 nhân/16 luồng, Max 5.2 GHz",AMD,"CPU AMD Ryzen 7 9800X3D Tray - Nobox | AM5, 8 nhân/16 luồng, Max 5.2 GHz",12790000,https://theme.hstatic.net/200000420363/1001333448/14/appbuyxgety-icon.png?v=6362,CPU
"CPU AMD Ryzen 7 9800X3D | AM5, 8 nhân/16 luồng, Max 5.2 GHz",AMD,"CPU AMD Ryzen 7 9800X3D | AM5, 8 nhân/16 luồng, Max 5.2 GHz",13890000,https://theme.hstatic.net/200000420363/1001333448/14/appbuyxgety-icon.png?v=6362,CPU
"CPU AMD Ryzen 9 7900 | AM5, 12 nhân/24 luồng, Max 5.4 GHz",AMD,"CPU AMD Ryzen 9 7900 | AM5, 12 nhân/24 luồng, Max 5.4 GHz",11990000,https://theme.hstatic.net/200000420363/1001333448/14/appbuyxgety-icon.png?v=6362,CPU
"CPU AMD Ryzen 9 9900X | AM5, 12 nhân/24 luồng, Max 5.6 GHz",AMD,"CPU AMD Ryzen 9 9900X | AM5, 12 nhân/24 luồng, Max 5.6 GHz",11990000,https://theme.hstatic.net/200000420363/1001333448/14/appbuyxgety-icon.png?v=6362,CPU
"CPU AMD Ryzen 9 9900X3D | AM5, 12 nhân/24 luồng, Max 5.5 GHz",AMD,"CPU AMD Ryzen 9 9900X3D | AM5, 12 nhân/24 luồng, Max 5.5 GHz",16990000,https://theme.hstatic.net/200000420363/1001333448/14/appbuyxgety-icon.png?v=6362,CPU
"CPU AMD Ryzen 9 9950X Tray - Nobox | AM5, 16 nhân/32 luồng, Max 5.7 GHz",AMD,"CPU AMD Ryzen 9 9950X Tray - Nobox | AM5, 16 nhân/32 luồng, Max 5.7 GHz",14050000,https://theme.hstatic.net/200000420363/1001333448/14/appbuyxgety-icon.png?v=6362,CPU
"CPU AMD Ryzen 9 9950X3D Tray - Nobox | AM5, 16 nhân/32 luồng, Max 5.7 GHz",AMD,"CPU AMD Ryzen 9 9950X3D Tray - Nobox | AM5, 16 nhân/32 luồng, Max 5.7 GHz",18790000,https://theme.hstatic.net/200000420363/1001333448/14/appbuyxgety-icon.png?v=6362,CPU
"CPU AMD Ryzen Threadripper 5955X | sWRX8, 16 nhân/32 luồng, Max 4.5 GHz",AMD,"CPU AMD Ryzen Threadripper 5955X | sWRX8, 16 nhân/32 luồng, Max 4.5 GHz",35000000,https://theme.hstatic.net/200000420363/1001333448/14/appbuyxgety-icon.png?v=6362,CPU
"CPU AMD Ryzen Threadripper 7980X | sTR5, 64 nhân/128 luồng, Max 5.1 GHz",AMD,"CPU AMD Ryzen Threadripper 7980X | sTR5, 64 nhân/128 luồng, Max 5.1 GHz",140400000,https://theme.hstatic.net/200000420363/1001333448/14/appbuyxgety-icon.png?v=6362,CPU
"CPU AMD Ryzen Threadripper 9960X | sTR5, 24 nhân/48 luồng, Max 5.4 GHz",AMD,"CPU AMD Ryzen Threadripper 9960X | sTR5, 24 nhân/48 luồng, Max 5.4 GHz",43900000,https://theme.hstatic.net/200000420363/1001333448/14/appbuyxgety-icon.png?v=6362,CPU
"CPU AMD Ryzen Threadripper 9970X | sTR5, 32 nhân/64 luồng, Max 5.4 GHz",AMD,"CPU AMD Ryzen Threadripper 9970X | sTR5, 32 nhân/64 luồng, Max 5.4 GHz",72900000,https://theme.hstatic.net/200000420363/1001333448/14/appbuyxgety-icon.png?v=6362,CPU
"CPU AMD Ryzen Threadripper 9980X | sTR5, 64 nhân/128 luồng, Max 5.4 GHz",AMD,"CPU AMD Ryzen Threadripper 9980X | sTR5, 64 nhân/128 luồng, Max 5.4 GHz",145900000,https://theme.hstatic.net/200000420363/1001333448/14/appbuyxgety-icon.png?v=6362,CPU
"CPU AMD Ryzen Threadripper PRO 5965X | sWRX8, 24 nhân/48 luồng, Max 4.5GHz",AMD,"CPU AMD Ryzen Threadripper PRO 5965X | sWRX8, 24 nhân/48 luồng, Max 4.5GHz",64000000,https://theme.hstatic.net/200000420363/1001333448/14/appbuyxgety-icon.png?v=6362,CPU
"CPU AMD Ryzen Threadripper PRO 5975X | sWRX8, 32 nhân/64 luồng, Max 4.5 GHz",AMD,"CPU AMD Ryzen Threadripper PRO 5975X | sWRX8, 32 nhân/64 luồng, Max 4.5 GHz",89000000,https://theme.hstatic.net/200000420363/1001333448/14/appbuyxgety-icon.png?v=6362,CPU
"CPU AMD Ryzen Threadripper PRO 5995X | sWRX8, 64 nhân/128 luồng, Max 4.5 GHz",AMD,"CPU AMD Ryzen Threadripper PRO 5995X | sWRX8, 64 nhân/128 luồng, Max 4.5 GHz",176000000,https://theme.hstatic.net/200000420363/1001333448/14/appbuyxgety-icon.png?v=6362,CPU
"CPU AMD Ryzen Threadripper PRO 7965WX | sTR5, 24 nhân/48 luồng, Max 5.3 GHz",AMD,"CPU AMD Ryzen Threadripper PRO 7965WX | sTR5, 24 nhân/48 luồng, Max 5.3 GHz",74600000,https://theme.hstatic.net/200000420363/1001333448/14/appbuyxgety-icon.png?v=6362,CPU
"CPU AMD Ryzen Threadripper PRO 7975WX | sTR5, 32 nhân/64 luồng, Max 5.3 GHz",AMD,"CPU AMD Ryzen Threadripper PRO 7975WX | sTR5, 32 nhân/64 luồng, Max 5.3 GHz",109000000,https://theme.hstatic.net/200000420363/1001333448/14/appbuyxgety-icon.png?v=6362,CPU
"CPU AMD Ryzen Threadripper PRO 7985WX | sTR5, 64 nhân/128 luồng, Max 5.1 GHz",AMD,"CPU AMD Ryzen Threadripper PRO 7985WX | sTR5, 64 nhân/128 luồng, Max 5.1 GHz",209000000,https://theme.hstatic.net/200000420363/1001333448/14/appbuyxgety-icon.png?v=6362,CPU
"CPU AMD Ryzen Threadripper PRO 7995X | sTR5, 96 nhân/192 luồng, Max 5.1 GHz",AMD,"CPU AMD Ryzen Threadripper PRO 7995X | sTR5, 96 nhân/192 luồng, Max 5.1 GHz",176000000,https://theme.hstatic.net/200000420363/1001333448/14/appbuyxgety-icon.png?v=6362,CPU
"CPU AMD Ryzen Threadripper PRO 9955WX | sTR5, 16 nhân/32 luồng, Max 5.4 GHz",AMD,"CPU AMD Ryzen Threadripper PRO 9955WX | sTR5, 16 nhân/32 luồng, Max 5.4 GHz",47900000,https://theme.hstatic.net/200000420363/1001333448/14/appbuyxgety-icon.png?v=6362,CPU
"CPU AMD Ryzen Threadripper PRO 9965WX | sTR5, 24 nhân/48 luồng, Max 5.4 GHz",AMD,"CPU AMD Ryzen Threadripper PRO 9965WX | sTR5, 24 nhân/48 luồng, Max 5.4 GHz",83900000,https://theme.hstatic.net/200000420363/1001333448/14/appbuyxgety-icon.png?v=6362,CPU
"CPU AMD Ryzen Threadripper PRO 9975WX | sTR5, 32 nhân/64 luồng, Max 5.4 GHz",AMD,"CPU AMD Ryzen Threadripper PRO 9975WX | sTR5, 32 nhân/64 luồng, Max 5.4 GHz",119900000,https://theme.hstatic.net/200000420363/1001333448/14/appbuyxgety-icon.png?v=6362,CPU
"CPU AMD Ryzen Threadripper PRO 9995WX | sTR5, 96 nhân/192 luồng, Max 5.4 GHz",AMD,"CPU AMD Ryzen Threadripper PRO 9995WX | sTR5, 96 nhân/192 luồng, Max 5.4 GHz",350000000,https://theme.hstatic.net/200000420363/1001333448/14/appbuyxgety-icon.png?v=6362,CPU
"CPU AMD Ryzen™ 7 9850X3D Box Chính Hãng | AM5, 8 nhân / 16 luồng, Max Boost 5.6 GHz (100-100001973WOF)",AMD,"CPU AMD Ryzen™ 7 9850X3D Box Chính Hãng | AM5, 8 nhân / 16 luồng, Max Boost 5.6 GHz (100-100001973WOF)",15190000,https://theme.hstatic.net/200000420363/1001333448/14/appbuyxgety-icon.png?v=6362,CPU
"CPU AMD Ryzen™ 7 9850X3D Tray-Nobox | AM5, 8 nhân / 16 luồng, Max Boost 5.6 GHz (100-000001973)",AMD,"CPU AMD Ryzen™ 7 9850X3D Tray-Nobox | AM5, 8 nhân / 16 luồng, Max Boost 5.6 GHz (100-000001973)",13950000,https://theme.hstatic.net/200000420363/1001333448/14/appbuyxgety-icon.png?v=6362,CPU
"CPU AMD X4 840 FM2 Tray - Nobox | FM2, 4 nhân/4 luồng, Max 3.8 GHz",AMD,"CPU AMD X4 840 FM2 Tray - Nobox | FM2, 4 nhân/4 luồng, Max 3.8 GHz",310000,https://theme.hstatic.net/200000420363/1001333448/14/appbuyxgety-icon.png?v=6362,CPU
"CPU Intel Core i3 10105 Tray VAT | LGA 1200, 4 nhân/8 luồng, Max 4.4 GHz",Intel,"CPU Intel Core i3 10105 Tray VAT | LGA 1200, 4 nhân/8 luồng, Max 4.4 GHz",2690000,https://theme.hstatic.net/200000420363/1001333448/14/appbuyxgety-icon.png?v=6362,CPU
"CPU Intel Core i3 12100 Tray VAT | LGA 1700, 4 nhân/8 luồng, Max 4.3 GHz",Intel,"CPU Intel Core i3 12100 Tray VAT | LGA 1700, 4 nhân/8 luồng, Max 4.3 GHz",3290000,https://theme.hstatic.net/200000420363/1001333448/14/appbuyxgety-icon.png?v=6362,CPU
"CPU Intel Core i3 12100 | LGA 1700, 4 nhân/8 luồng, Max 4.3 GHz",Intel,"CPU Intel Core i3 12100 | LGA 1700, 4 nhân/8 luồng, Max 4.3 GHz",4190000,https://theme.hstatic.net/200000420363/1001333448/14/appbuyxgety-icon.png?v=6362,CPU
"CPU Intel Core i3 12100F Tray - Nobox | LGA 1700, 4 nhân/8 luồng, Max 4.3 GHz",Intel,"CPU Intel Core i3 12100F Tray - Nobox | LGA 1700, 4 nhân/8 luồng, Max 4.3 GHz",1990000,https://theme.hstatic.net/200000420363/1001333448/14/appbuyxgety-icon.png?v=6362,CPU
"CPU Intel Core i3 12100F Tray - Nobox | LGA 1700, 4 nhân/8 luồng, Max 4.3 GHz",Intel,"CPU Intel Core i3 12100F Tray - Nobox | LGA 1700, 4 nhân/8 luồng, Max 4.3 GHz",2190000,https://theme.hstatic.net/200000420363/1001333448/14/appbuyxgety-icon.png?v=6362,CPU
"CPU Intel Core i3 12100F Tray VAT | LGA 1700, 4 nhân/8 luồng, Max 4.3 GHz",Intel,"CPU Intel Core i3 12100F Tray VAT | LGA 1700, 4 nhân/8 luồng, Max 4.3 GHz",2090000,https://theme.hstatic.net/200000420363/1001333448/14/appbuyxgety-icon.png?v=6362,CPU
"CPU Intel Core i3 12100F | LGA 1700, 4 nhân/8 luồng, Max 4.3 GHz",Intel,"CPU Intel Core i3 12100F | LGA 1700, 4 nhân/8 luồng, Max 4.3 GHz",2350000,https://theme.hstatic.net/200000420363/1001333448/14/appbuyxgety-icon.png?v=6362,CPU
"CPU Intel Core i3 13100 | LGA 1700, 4 nhân/8 luồng, Max 4.5 GHz",Intel,"CPU Intel Core i3 13100 | LGA 1700, 4 nhân/8 luồng, Max 4.5 GHz",4090000,https://theme.hstatic.net/200000420363/1001333448/14/appbuyxgety-icon.png?v=6362,CPU
"CPU Intel Core i3 13100F Tray VAT | LGA 1700, 4 nhân/8 luồng, Max 4.5 GHz",Intel,"CPU Intel Core i3 13100F Tray VAT | LGA 1700, 4 nhân/8 luồng, Max 4.5 GHz",2190000,https://theme.hstatic.net/200000420363/1001333448/14/appbuyxgety-icon.png?v=6362,CPU
"CPU Intel Core i3 13100F | LGA1700, 4 nhân/8 luồng, Max 4.5 GHz",Intel,"CPU Intel Core i3 13100F | LGA1700, 4 nhân/8 luồng, Max 4.5 GHz",2390000,https://theme.hstatic.net/200000420363/1001333448/14/appbuyxgety-icon.png?v=6362,CPU
"CPU Intel Core i3 14100F | LGA1700, 4 nhân/8 luồng, Max 4.7 GHz",Intel,"CPU Intel Core i3 14100F | LGA1700, 4 nhân/8 luồng, Max 4.7 GHz",2590000,https://theme.hstatic.net/200000420363/1001333448/14/appbuyxgety-icon.png?v=6362,CPU
CPU Intel Core i3-14100 Tray Chính Hãng ( No box),Intel,CPU Intel Core i3-14100 Tray Chính Hãng ( No box),3990000,https://theme.hstatic.net/200000420363/1001333448/14/appbuyxgety-icon.png?v=6362,CPU
"CPU Intel Core i5 10400 Tray VAT | LGA 1200, 6 nhân/12 luồng, Max 4.3 GHz",Intel,"CPU Intel Core i5 10400 Tray VAT | LGA 1200, 6 nhân/12 luồng, Max 4.3 GHz",3390000,https://theme.hstatic.net/200000420363/1001333448/14/appbuyxgety-icon.png?v=6362,CPU
"CPU Intel Core i5 10400 | LGA 1200, 6 nhân/12 luồng, Max 4.3 GHz",Intel,"CPU Intel Core i5 10400 | LGA 1200, 6 nhân/12 luồng, Max 4.3 GHz",3890000,https://theme.hstatic.net/200000420363/1001333448/14/appbuyxgety-icon.png?v=6362,CPU
"CPU Intel Core i5 10400F Tray VAT | LGA 1200, 6 nhân/12 luồng, Max 4.3 GHz",Intel,"CPU Intel Core i5 10400F Tray VAT | LGA 1200, 6 nhân/12 luồng, Max 4.3 GHz",2090000,https://theme.hstatic.net/200000420363/1001333448/14/appbuyxgety-icon.png?v=6362,CPU
"CPU Intel Core i5 11400F Tray VAT | LGA 1200, 6 nhân/12 luồng, Max 4.4 GHz",Intel,"CPU Intel Core i5 11400F Tray VAT | LGA 1200, 6 nhân/12 luồng, Max 4.4 GHz",2350000,https://theme.hstatic.net/200000420363/1001333448/14/appbuyxgety-icon.png?v=6362,CPU
"CPU Intel Core i5 12400F Tray - Nobox | LGA 1700, 6 nhân/12 luồng, Max 4.4 GHz",Intel,"CPU Intel Core i5 12400F Tray - Nobox | LGA 1700, 6 nhân/12 luồng, Max 4.4 GHz",3350000,https://theme.hstatic.net/200000420363/1001333448/14/appbuyxgety-icon.png?v=6362,CPU
"CPU Intel Core i5 12400F Tray VAT | LGA 1700, 6 nhân/12 luồng, Max 4.4 GHz",Intel,"CPU Intel Core i5 12400F Tray VAT | LGA 1700, 6 nhân/12 luồng, Max 4.4 GHz",3350000,https://theme.hstatic.net/200000420363/1001333448/14/appbuyxgety-icon.png?v=6362,CPU
"CPU Intel Core i5 12400F Tray | LGA1700, 6 nhân/12 luồng, Max 4.4 GHz",Intel,"CPU Intel Core i5 12400F Tray | LGA1700, 6 nhân/12 luồng, Max 4.4 GHz",3290000,https://theme.hstatic.net/200000420363/1001333448/14/appbuyxgety-icon.png?v=6362,CPU
"CPU Intel Core i5 12400F | LGA 1700, 6 nhân/12 luồng, Max 4.4 GHz",Intel,"CPU Intel Core i5 12400F | LGA 1700, 6 nhân/12 luồng, Max 4.4 GHz",3590000,https://theme.hstatic.net/200000420363/1001333448/14/appbuyxgety-icon.png?v=6362,CPU
"CPU Intel Core i5 12500 | LGA1700, 6 nhân/12 luồng, Max 4.6 GHz",Intel,"CPU Intel Core i5 12500 | LGA1700, 6 nhân/12 luồng, Max 4.6 GHz",5590000,https://theme.hstatic.net/200000420363/1001333448/14/appbuyxgety-icon.png?v=6362,CPU
"CPU Intel Core I5 12600K | LGA1700, Turbo 4.90 GHz, 10C/16T, 20MB, Box Chính Hãng",Intel,"CPU Intel Core I5 12600K | LGA1700, Turbo 4.90 GHz, 10C/16T, 20MB, Box Chính Hãng",5790000,https://theme.hstatic.net/200000420363/1001333448/14/appbuyxgety-icon.png?v=6362,CPU
"CPU Intel Core i5 13400 Tray VAT | LGA 1700, 10 nhân/16 luồng, Max 4.4 GHz",Intel,"CPU Intel Core i5 13400 Tray VAT | LGA 1700, 10 nhân/16 luồng, Max 4.4 GHz",6590000,https://theme.hstatic.net/200000420363/1001333448/14/appbuyxgety-icon.png?v=6362,CPU
"CPU Intel Core i5 13400F Tray VAT | LGA 1700, 10 nhân/16 luồng, Max 4.6 GHz",Intel,"CPU Intel Core i5 13400F Tray VAT | LGA 1700, 10 nhân/16 luồng, Max 4.6 GHz",3890000,https://theme.hstatic.net/200000420363/1001333448/14/appbuyxgety-icon.png?v=6362,CPU
"CPU Intel Core i5 13400F | LGA 1700, 10 nhân/16 luồng, Max 4.6 GHz",Intel,"CPU Intel Core i5 13400F | LGA 1700, 10 nhân/16 luồng, Max 4.6 GHz",4290000,https://theme.hstatic.net/200000420363/1001333448/14/appbuyxgety-icon.png?v=6362,CPU
"CPU Intel Core i5 14400 Tray VAT | LGA 1700, 10 nhân/16 luồng, Max 4.7 GHz",Intel,"CPU Intel Core i5 14400 Tray VAT | LGA 1700, 10 nhân/16 luồng, Max 4.7 GHz",6690000,https://theme.hstatic.net/200000420363/1001333448/14/appbuyxgety-icon.png?v=6362,CPU
"CPU Intel Core i5 14400F Tray VAT | LGA 1700, 10 nhân/16 luồng, Max 4.7 GHz",Intel,"CPU Intel Core i5 14400F Tray VAT | LGA 1700, 10 nhân/16 luồng, Max 4.7 GHz",4090000,https://theme.hstatic.net/200000420363/1001333448/14/appbuyxgety-icon.png?v=6362,CPU
"CPU Intel Core i5 14600KF Tray VAT | LGA 1700, 14 nhân/20 luồng, Max 5.3 GHz",Intel,"CPU Intel Core i5 14600KF Tray VAT | LGA 1700, 14 nhân/20 luồng, Max 5.3 GHz",6190000,https://theme.hstatic.net/200000420363/1001333448/14/appbuyxgety-icon.png?v=6362,CPU
"CPU Intel Core i5 14600KF | LGA 1700, 14 nhân/20 luồng, Max 5.3 GHz",Intel,"CPU Intel Core i5 14600KF | LGA 1700, 14 nhân/20 luồng, Max 5.3 GHz",6350000,https://theme.hstatic.net/200000420363/1001333448/14/appbuyxgety-icon.png?v=6362,CPU
CPU Intel Core i5-12400 Tray Chính Hãng (No Box),Intel,CPU Intel Core i5-12400 Tray Chính Hãng (No Box),4890000,https://theme.hstatic.net/200000420363/1001333448/14/appbuyxgety-icon.png?v=6362,CPU
CPU Intel Core i5-14600K Tray Chính Hãng (No Box),Intel,CPU Intel Core i5-14600K Tray Chính Hãng (No Box),6290000,https://theme.hstatic.net/200000420363/1001333448/14/appbuyxgety-icon.png?v=6362,CPU
"CPU Intel Core i7 10700K | LGA 1200, 8 nhân/16 luồng, Max 5.1 GHz",Intel,"CPU Intel Core i7 10700K | LGA 1200, 8 nhân/16 luồng, Max 5.1 GHz",6539000,https://theme.hstatic.net/200000420363/1001333448/14/appbuyxgety-icon.png?v=6362,CPU
"CPU Intel Core i7 12700 Tray VAT | LGA 1700, 12 nhân/20 luồng, Max 4.9 GHz",Intel,"CPU Intel Core i7 12700 Tray VAT | LGA 1700, 12 nhân/20 luồng, Max 4.9 GHz",7790000,https://theme.hstatic.net/200000420363/1001333448/14/appbuyxgety-icon.png?v=6362,CPU
"CPU Intel Core i7 12700F Tray VAT | LGA 1700, 12 nhân/20 luồng, Max 4.9 GHz",Intel,"CPU Intel Core i7 12700F Tray VAT | LGA 1700, 12 nhân/20 luồng, Max 4.9 GHz",6990000,https://theme.hstatic.net/200000420363/1001333448/14/appbuyxgety-icon.png?v=6362,CPU
"CPU Intel Core i7 12700F | LGA 1700, 12 nhân/20 luồng, Max 4.9 GHz",Intel,"CPU Intel Core i7 12700F | LGA 1700, 12 nhân/20 luồng, Max 4.9 GHz",6990000,https://theme.hstatic.net/200000420363/1001333448/14/appbuyxgety-icon.png?v=6362,CPU
"CPU Intel Core i7 12700K Tray VAT | LGA 1700, 12 nhân/20 luồng, Max 5.0 GHz",Intel,"CPU Intel Core i7 12700K Tray VAT | LGA 1700, 12 nhân/20 luồng, Max 5.0 GHz",7190000,https://theme.hstatic.net/200000420363/1001333448/14/appbuyxgety-icon.png?v=6362,CPU
"CPU Intel Core i7 12700K | LGA 1700, 12 nhân/20 luồng, Max 5.0 GHz",Intel,"CPU Intel Core i7 12700K | LGA 1700, 12 nhân/20 luồng, Max 5.0 GHz",8090000,https://theme.hstatic.net/200000420363/1001333448/14/appbuyxgety-icon.png?v=6362,CPU
"CPU Intel Core i7 12700KF Tray VAT | LGA 1700, 12 nhân/20 luồng, Max 5.0 GHz",Intel,"CPU Intel Core i7 12700KF Tray VAT | LGA 1700, 12 nhân/20 luồng, Max 5.0 GHz",6590000,https://theme.hstatic.net/200000420363/1001333448/14/appbuyxgety-icon.png?v=6362,CPU
"CPU Intel Core i7 13700K | LGA 1700, 16 nhân/24 luồng, Max 5.4 GHz",Intel,"CPU Intel Core i7 13700K | LGA 1700, 16 nhân/24 luồng, Max 5.4 GHz",8590000,https://theme.hstatic.net/200000420363/1001333448/14/appbuyxgety-icon.png?v=6362,CPU
"CPU Intel Core i7 13700KF | LGA1700, 16 nhân/24 luồng, Max 5.4 GHz",Intel,"CPU Intel Core i7 13700KF | LGA1700, 16 nhân/24 luồng, Max 5.4 GHz",10299000,https://theme.hstatic.net/200000420363/1001333448/14/appbuyxgety-icon.png?v=6362,CPU
"CPU Intel Core i7 14700F Tray VAT | LGA 1700, 20 nhân/28 luồng, Max 5.4 GHz",Intel,"CPU Intel Core i7 14700F Tray VAT | LGA 1700, 20 nhân/28 luồng, Max 5.4 GHz",8090000,https://theme.hstatic.net/200000420363/1001333448/14/appbuyxgety-icon.png?v=6362,CPU
"CPU Intel Core i7 14700F | LGA 1700, 20 nhân/28 luồng, Max 5.4 GHz",Intel,"CPU Intel Core i7 14700F | LGA 1700, 20 nhân/28 luồng, Max 5.4 GHz",8490000,https://theme.hstatic.net/200000420363/1001333448/14/appbuyxgety-icon.png?v=6362,CPU
"CPU Intel Core i7 14700K Công Ty | Up to 5.6GHz, 20 cores 28 threads",Intel,"CPU Intel Core i7 14700K Công Ty | Up to 5.6GHz, 20 cores 28 threads",10990000,https://theme.hstatic.net/200000420363/1001333448/14/appbuyxgety-icon.png?v=6362,CPU
"CPU Intel Core i7 14700K Tray VAT | LGA 1700, 20 nhân/28 luồng, Max 5.6 GHz",Intel,"CPU Intel Core i7 14700K Tray VAT | LGA 1700, 20 nhân/28 luồng, Max 5.6 GHz",10790000,https://theme.hstatic.net/200000420363/1001333448/14/appbuyxgety-icon.png?v=6362,CPU
"CPU Intel Core i7 14700K | LGA 1700, 20 nhân/28 luồng, Max 5.6 GHz",Intel,"CPU Intel Core i7 14700K | LGA 1700, 20 nhân/28 luồng, Max 5.6 GHz",11690000,https://theme.hstatic.net/200000420363/1001333448/14/appbuyxgety-icon.png?v=6362,CPU
"CPU Intel Core i7 9700F Tray | LGA1151, 8 nhân/8 luồng, Max 4.7 GHz",Intel,"CPU Intel Core i7 9700F Tray | LGA1151, 8 nhân/8 luồng, Max 4.7 GHz",2986000,https://theme.hstatic.net/200000420363/1001333448/14/appbuyxgety-icon.png?v=6362,CPU
CPU Intel Core i7-12700 Tray Chính Hãng (No Box),Intel,CPU Intel Core i7-12700 Tray Chính Hãng (No Box),7990000,https://theme.hstatic.net/200000420363/1001333448/14/appbuyxgety-icon.png?v=6362,CPU
CPU Intel Core i7-14700 Tray Chính Hãng (No Box),Intel,CPU Intel Core i7-14700 Tray Chính Hãng (No Box),11390000,https://theme.hstatic.net/200000420363/1001333448/14/appbuyxgety-icon.png?v=6362,CPU
"CPU Intel Core i9 14900K | LGA 1700, 24 nhân/32 luồng, Max 5.6 GHz",Intel,"CPU Intel Core i9 14900K | LGA 1700, 24 nhân/32 luồng, Max 5.6 GHz",13590000,https://theme.hstatic.net/200000420363/1001333448/14/appbuyxgety-icon.png?v=6362,CPU
"CPU Intel Core i9 14900KF | LGA 1700, 24 nhân/32 luồng, Max 5.6 GHz",Intel,"CPU Intel Core i9 14900KF | LGA 1700, 24 nhân/32 luồng, Max 5.6 GHz",12390000,https://theme.hstatic.net/200000420363/1001333448/14/appbuyxgety-icon.png?v=6362,CPU
"CPU Intel Core i9 9820X | LGA 2066, 10 nhân/20 luồng, Max 4.1 GHz",Intel,"CPU Intel Core i9 9820X | LGA 2066, 10 nhân/20 luồng, Max 4.1 GHz",11990000,https://theme.hstatic.net/200000420363/1001333448/14/appbuyxgety-icon.png?v=6362,CPU
"CPU Intel Core i9 9940X | LGA 2066, 14 nhân/28 luồng, Max 4.5 GHz",Intel,"CPU Intel Core i9 9940X | LGA 2066, 14 nhân/28 luồng, Max 4.5 GHz",12990000,https://theme.hstatic.net/200000420363/1001333448/14/appbuyxgety-icon.png?v=6362,CPU
"CPU Intel Core Ultra 5 225 | FCLGA1851, 10 nhân/10 luồng, Max 4.9 GHz",Intel,"CPU Intel Core Ultra 5 225 | FCLGA1851, 10 nhân/10 luồng, Max 4.9 GHz",4690000,https://theme.hstatic.net/200000420363/1001333448/14/appbuyxgety-icon.png?v=6362,CPU
"CPU Intel Core Ultra 5 225F | FCLGA1851, 10 nhân/10 luồng, Max 4.9 GHz",Intel,"CPU Intel Core Ultra 5 225F | FCLGA1851, 10 nhân/10 luồng, Max 4.9 GHz",4290000,https://theme.hstatic.net/200000420363/1001333448/14/appbuyxgety-icon.png?v=6362,CPU
"CPU Intel Core Ultra 5 235 | FCLGA1851, 14 nhân/14 luồng, Max 5.0 GHz",Intel,"CPU Intel Core Ultra 5 235 | FCLGA1851, 14 nhân/14 luồng, Max 5.0 GHz",7099000,https://theme.hstatic.net/200000420363/1001333448/14/appbuyxgety-icon.png?v=6362,CPU
"CPU Intel Core Ultra 5 245K | LGA1851, 14 nhân/14 luồng, Max 5.2 GHz",Intel,"CPU Intel Core Ultra 5 245K | LGA1851, 14 nhân/14 luồng, Max 5.2 GHz",6190000,https://theme.hstatic.net/200000420363/1001333448/14/appbuyxgety-icon.png?v=6362,CPU
"CPU Intel Core Ultra 5 245KF Tray VAT | LGA 1851, 14 nhân/14 luồng, Max 5.2GHz",Intel,"CPU Intel Core Ultra 5 245KF Tray VAT | LGA 1851, 14 nhân/14 luồng, Max 5.2GHz",5090000,https://theme.hstatic.net/200000420363/1001333448/14/appbuyxgety-icon.png?v=6362,CPU
"CPU Intel Core Ultra 5 245KF | LGA 1851, 14 nhân/14 luồng, Max 5.2 GHz",Intel,"CPU Intel Core Ultra 5 245KF | LGA 1851, 14 nhân/14 luồng, Max 5.2 GHz",7690000,https://theme.hstatic.net/200000420363/1001333448/14/appbuyxgety-icon.png?v=6362,CPU
"CPU Intel Core Ultra 5 245KF | LGA1851, 14 nhân/14 luồng, Max 5.2 GHz",Intel,"CPU Intel Core Ultra 5 245KF | LGA1851, 14 nhân/14 luồng, Max 5.2 GHz",5990000,https://theme.hstatic.net/200000420363/1001333448/14/appbuyxgety-icon.png?v=6362,CPU
"CPU Intel Core Ultra 7 265 | LGA 1851, 20 nhân/20 luồng, Max 5.5 GHz",Intel,"CPU Intel Core Ultra 7 265 | LGA 1851, 20 nhân/20 luồng, Max 5.5 GHz",9590000,https://theme.hstatic.net/200000420363/1001333448/14/appbuyxgety-icon.png?v=6362,CPU
"CPU Intel Core Ultra 7 265K Tray VAT | LGA 1851, 20 nhân/20 luồng, Max 5.5 GHz",Intel,"CPU Intel Core Ultra 7 265K Tray VAT | LGA 1851, 20 nhân/20 luồng, Max 5.5 GHz",8290000,https://theme.hstatic.net/200000420363/1001333448/14/appbuyxgety-icon.png?v=6362,CPU
"CPU Intel Core Ultra 9 285K | LGA 1851, 24 nhân/24 luồng, Max 5.7 GHz",Intel,"CPU Intel Core Ultra 9 285K | LGA 1851, 24 nhân/24 luồng, Max 5.7 GHz",16090000,https://theme.hstatic.net/200000420363/1001333448/14/appbuyxgety-icon.png?v=6362,CPU
"CPU Intel Pentium G6405 | LGA1200, 2 nhân/4 luồng",Intel,"CPU Intel Pentium G6405 | LGA1200, 2 nhân/4 luồng",2090000,https://theme.hstatic.net/200000420363/1001333448/14/appbuyxgety-icon.png?v=6362,CPU
"CPU Intel Pentium Gold G6405 Tray VAT | LGA1200, 2 nhân/4 luồng, Max",Intel,"CPU Intel Pentium Gold G6405 Tray VAT | LGA1200, 2 nhân/4 luồng, Max",1190000,https://theme.hstatic.net/200000420363/1001333448/14/appbuyxgety-icon.png?v=6362,CPU
"CPU Intel Xeon E5 2670 V3 Tray | LGA2011, 12 nhân/24 luồng, Max 3.1 GHz",Intel,"CPU Intel Xeon E5 2670 V3 Tray | LGA2011, 12 nhân/24 luồng, Max 3.1 GHz",1489000,https://theme.hstatic.net/200000420363/1001333448/14/appbuyxgety-icon.png?v=6362,CPU
