ten_mainboard,hang,thong_so,gia_vnd,link_hinh_anh,category
"Mainboard AIWOLF AW-H310D4 (PN 966868310) | LGA 1151, mATX, 2 khe RAM",Unknown,"Mainboard AIWOLF AW-H310D4 (PN 966868310) | LGA 1151, mATX, 2 khe RAM",1250000,https://theme.hstatic.net/200000420363/1001333448/14/appbuyxgety-icon.png?v=6362,Mainboard
"Mainboard AIWOLF AW-H510D4 (PN 966868510) | LGA 1200, mATX, 2 khe RAM",Unknown,"Mainboard AIWOLF AW-H510D4 (PN 966868510) | LGA 1200, mATX, 2 khe RAM",1490000,https://theme.hstatic.net/200000420363/1001333448/14/appbuyxgety-icon.png?v=6362,Mainboard
"Mainboard ASRock A520M-HVS | AM4, Micro-ATX, 2 khe RAM",ASRock,"Mainboard ASRock A520M-HVS | AM4, Micro-ATX, 2 khe RAM",1340000,https://theme.hstatic.net/200000420363/1001333448/14/appbuyxgety-icon.png?v=6362,Mainboard
"Mainboard ASRock A520M.AC Wifi DDR4 | AM4, ATX, 2 khe RAM",ASRock,"Mainboard ASRock A520M.AC Wifi DDR4 | AM4, ATX, 2 khe RAM",1580000,https://theme.hstatic.net/200000420363/1001333448/14/appbuyxgety-icon.png?v=6362,Mainboard
"Mainboard ASRock A620AM-HVS DDR5 | AM5, mATX, 2 khe RAM",ASRock,"Mainboard ASRock A620AM-HVS DDR5 | AM5, mATX, 2 khe RAM",1850000,https://theme.hstatic.net/200000420363/1001333448/14/appbuyxgety-icon.png?v=6362,Mainboard
"Mainboard ASRock B550M PRO SE DDR4 | AM4, mATX, 4 khe RAM",ASRock,"Mainboard ASRock B550M PRO SE DDR4 | AM4, mATX, 4 khe RAM",2490000,https://theme.hstatic.net/200000420363/1001333448/14/appbuyxgety-icon.png?v=6362,Mainboard
"Mainboard ASRock B550M Pro4 DDR4 | AM4, mATX, 4 khe RAM",ASRock,"Mainboard ASRock B550M Pro4 DDR4 | AM4, mATX, 4 khe RAM",2390000,https://theme.hstatic.net/200000420363/1001333448/14/appbuyxgety-icon.png?v=6362,Mainboard
"Mainboard ASRock B650M Pro RS Wifi DDR5 | AM5, mATX, 4 khe RAM",ASRock,"Mainboard ASRock B650M Pro RS Wifi DDR5 | AM5, mATX, 4 khe RAM",3450000,https://theme.hstatic.net/200000420363/1001333448/14/appbuyxgety-icon.png?v=6362,Mainboard
"Mainboard ASRock B650M-HDV/M.2 DDR5 | AM5, mATX, 2 khe RAM",ASRock,"Mainboard ASRock B650M-HDV/M.2 DDR5 | AM5, mATX, 2 khe RAM",2890000,https://theme.hstatic.net/200000420363/1001333448/14/appbuyxgety-icon.png?v=6362,Mainboard
"Mainboard ASRock B650M-HDV/M.2 White DDR5 | AM5, mATX, 2 khe RAM",ASRock,"Mainboard ASRock B650M-HDV/M.2 White DDR5 | AM5, mATX, 2 khe RAM",2890000,https://theme.hstatic.net/200000420363/1001333448/14/appbuyxgety-icon.png?v=6362,Mainboard
"Mainboard ASRock B760M PG Lightning DDR5 | LGA 1700, mATX, 4 khe RAM",ASRock,"Mainboard ASRock B760M PG Lightning DDR5 | LGA 1700, mATX, 4 khe RAM",2799000,https://theme.hstatic.net/200000420363/1001333448/14/appbuyxgety-icon.png?v=6362,Mainboard
"Mainboard ASRock B760M PG Riptide DDR5 | LGA 1700, mATX, 4 khe RAM",ASRock,"Mainboard ASRock B760M PG Riptide DDR5 | LGA 1700, mATX, 4 khe RAM",3390000,https://theme.hstatic.net/200000420363/1001333448/14/appbuyxgety-icon.png?v=6362,Mainboard
"Mainboard ASRock B760M Pro RS DDR4 | LGA 1700, mATX, 4 khe RAM",ASRock,"Mainboard ASRock B760M Pro RS DDR4 | LGA 1700, mATX, 4 khe RAM",2790000,https://theme.hstatic.net/200000420363/1001333448/14/appbuyxgety-icon.png?v=6362,Mainboard
"Mainboard ASRock B760M Pro RS DDR5 | LGA 1700, mATX, 4 khe RAM",ASRock,"Mainboard ASRock B760M Pro RS DDR5 | LGA 1700, mATX, 4 khe RAM",2850000,https://theme.hstatic.net/200000420363/1001333448/14/appbuyxgety-icon.png?v=6362,Mainboard
"Mainboard ASRock B760M Pro RS Wifi DDR4 | LGA 1700, mATX, 4 khe RAM",ASRock,"Mainboard ASRock B760M Pro RS Wifi DDR4 | LGA 1700, mATX, 4 khe RAM",3090000,https://theme.hstatic.net/200000420363/1001333448/14/appbuyxgety-icon.png?v=6362,Mainboard
"Mainboard ASRock B760M Pro RS Wifi DDR5 | LGA 1700, mATX, 4 khe RAM",ASRock,"Mainboard ASRock B760M Pro RS Wifi DDR5 | LGA 1700, mATX, 4 khe RAM",3290000,https://theme.hstatic.net/200000420363/1001333448/14/appbuyxgety-icon.png?v=6362,Mainboard
"Mainboard ASRock B760M Pro-A WiFi DDR5 | LGA1700, Micro-ATX, 4 khe RAM",ASRock,"Mainboard ASRock B760M Pro-A WiFi DDR5 | LGA1700, Micro-ATX, 4 khe RAM",2750000,https://theme.hstatic.net/200000420363/1001333448/14/appbuyxgety-icon.png?v=6362,Mainboard
"Mainboard ASRock B760M Steel Legend Wifi DDR5 | LGA 1700, mATX, 4 khe RAM",ASRock,"Mainboard ASRock B760M Steel Legend Wifi DDR5 | LGA 1700, mATX, 4 khe RAM",3740000,https://theme.hstatic.net/200000420363/1001333448/14/appbuyxgety-icon.png?v=6362,Mainboard
"Mainboard ASRock B760M-HDV/M.2 DDR4 | LGA 1700, mATX, 2 khe RAM",ASRock,"Mainboard ASRock B760M-HDV/M.2 DDR4 | LGA 1700, mATX, 2 khe RAM",2090000,https://theme.hstatic.net/200000420363/1001333448/14/appbuyxgety-icon.png?v=6362,Mainboard
"Mainboard ASRock B850M Pro-A Wifi DDR5 | AM5, mATX, 4 khe RAM",ASRock,"Mainboard ASRock B850M Pro-A Wifi DDR5 | AM5, mATX, 4 khe RAM",3990000,https://theme.hstatic.net/200000420363/1001333448/14/appbuyxgety-icon.png?v=6362,Mainboard
"Mainboard ASRock B860M Steel Legend Wifi DDR5 | LGA 1851, mATX, 4 khe RAM",ASRock,"Mainboard ASRock B860M Steel Legend Wifi DDR5 | LGA 1851, mATX, 4 khe RAM",4990000,https://theme.hstatic.net/200000420363/1001333448/14/appbuyxgety-icon.png?v=6362,Mainboard
"Mainboard ASRock H510M-A/M.2 SE DDR4 | LGA 1200, mATX, 2 khe RAM",ASRock,"Mainboard ASRock H510M-A/M.2 SE DDR4 | LGA 1200, mATX, 2 khe RAM",1490000,https://theme.hstatic.net/200000420363/1001333448/14/appbuyxgety-icon.png?v=6362,Mainboard
"Mainboard ASRock H510M-H2/M.2 SE DDR4 | LGA 1200, mATX, 2 khe RAM",ASRock,"Mainboard ASRock H510M-H2/M.2 SE DDR4 | LGA 1200, mATX, 2 khe RAM",1390000,https://theme.hstatic.net/200000420363/1001333448/14/appbuyxgety-icon.png?v=6362,Mainboard
"Mainboard ASRock H610M-H2/M.2 DDR4 | LGA 1700, mATX, 2 khe RAM",ASRock,"Mainboard ASRock H610M-H2/M.2 DDR4 | LGA 1700, mATX, 2 khe RAM",1490000,https://theme.hstatic.net/200000420363/1001333448/14/appbuyxgety-icon.png?v=6362,Mainboard
"Mainboard ASRock H610M-H2/M.2 DDR5 | LGA 1700, mATX, 2 khe RAM",ASRock,"Mainboard ASRock H610M-H2/M.2 DDR5 | LGA 1700, mATX, 2 khe RAM",1699000,https://theme.hstatic.net/200000420363/1001333448/14/appbuyxgety-icon.png?v=6362,Mainboard
"Mainboard ASRock H610M-HVS/M.2 DDR4 | LGA 1700, mATX, 2 khe RAM",ASRock,"Mainboard ASRock H610M-HVS/M.2 DDR4 | LGA 1700, mATX, 2 khe RAM",1480000,https://theme.hstatic.net/200000420363/1001333448/14/appbuyxgety-icon.png?v=6362,Mainboard
"Mainboard ASRock H610M/AC Wifi DDR4 | LGA 1700, mATX, 2 khe RAM",ASRock,"Mainboard ASRock H610M/AC Wifi DDR4 | LGA 1700, mATX, 2 khe RAM",1890000,https://theme.hstatic.net/200000420363/1001333448/14/appbuyxgety-icon.png?v=6362,Mainboard
"Mainboard ASRock X570S PG Riptide DDR4 | AM4, ATX, 4 khe RAM",ASRock,"Mainboard ASRock X570S PG Riptide DDR4 | AM4, ATX, 4 khe RAM",3040000,https://theme.hstatic.net/200000420363/1001333448/14/appbuyxgety-icon.png?v=6362,Mainboard
"Mainboard ASRock X870 Pro RS Wifi DDR5 | AM5, ATX, 4 khe RAM",ASRock,"Mainboard ASRock X870 Pro RS Wifi DDR5 | AM5, ATX, 4 khe RAM",5800000,https://theme.hstatic.net/200000420363/1001333448/14/appbuyxgety-icon.png?v=6362,Mainboard
"Mainboard ASRock X870 Steel Legend Wifi DDR5 | AM5, ATX, 4 khe RAM",ASRock,"Mainboard ASRock X870 Steel Legend Wifi DDR5 | AM5, ATX, 4 khe RAM",7390000,https://theme.hstatic.net/200000420363/1001333448/14/appbuyxgety-icon.png?v=6362,Mainboard
"Mainboard ASRock X870E Nova Wifi DDR5 | AM5, ATX, 4 khe RAM",ASRock,"Mainboard ASRock X870E Nova Wifi DDR5 | AM5, ATX, 4 khe RAM",10740000,https://theme.hstatic.net/200000420363/1001333448/14/appbuyxgety-icon.png?v=6362,Mainboard
"Mainboard ASRock Z690 PG Riptide DDR4 | LGA 1700, ATX, 4 khe RAM",ASRock,"Mainboard ASRock Z690 PG Riptide DDR4 | LGA 1700, ATX, 4 khe RAM",3999000,https://theme.hstatic.net/200000420363/1001333448/14/appbuyxgety-icon.png?v=6362,Mainboard
"Mainboard ASRock Z690 Steel Legend DDR4 | LGA 1700, ATX, 4 khe RAM",ASRock,"Mainboard ASRock Z690 Steel Legend DDR4 | LGA 1700, ATX, 4 khe RAM",4899000,https://theme.hstatic.net/200000420363/1001333448/14/appbuyxgety-icon.png?v=6362,Mainboard
"Mainboard ASRock Z690 Taichi Razer Edition DDR5 | LGA 1700, ATX, 4 khe RAM",ASRock,"Mainboard ASRock Z690 Taichi Razer Edition DDR5 | LGA 1700, ATX, 4 khe RAM",7699000,https://theme.hstatic.net/200000420363/1001333448/14/appbuyxgety-icon.png?v=6362,Mainboard
"Mainboard ASRock Z790 Lightning Wifi DDR5 | LGA 1700, ATX, 4 khe RAM",ASRock,"Mainboard ASRock Z790 Lightning Wifi DDR5 | LGA 1700, ATX, 4 khe RAM",5999000,https://theme.hstatic.net/200000420363/1001333448/14/appbuyxgety-icon.png?v=6362,Mainboard
"Mainboard ASRock Z790 PG Lightning DDR5 | LGA 1700, ATX, 4 khe RAM",ASRock,"Mainboard ASRock Z790 PG Lightning DDR5 | LGA 1700, ATX, 4 khe RAM",4890000,https://theme.hstatic.net/200000420363/1001333448/14/appbuyxgety-icon.png?v=6362,Mainboard
"Mainboard ASRock Z790 Steel Legend Wifi DDR5 | LGA 1700, ATX, 4 khe RAM",ASRock,"Mainboard ASRock Z790 Steel Legend Wifi DDR5 | LGA 1700, ATX, 4 khe RAM",5890000,https://theme.hstatic.net/200000420363/1001333448/14/appbuyxgety-icon.png?v=6362,Mainboard
"Mainboard ASRock Z790M PG Lightning DDR4 | LGA 1700, mATX, 4 khe RAM",ASRock,"Mainboard ASRock Z790M PG Lightning DDR4 | LGA 1700, mATX, 4 khe RAM",5099000,https://theme.hstatic.net/200000420363/1001333448/14/appbuyxgety-icon.png?v=6362,Mainboard
Mainboard Asus A520M-K Prime,ASUS,Mainboard Asus A520M-K Prime,1390000,https://theme.hstatic.net/200000420363/1001333448/14/appbuyxgety-icon.png?v=6362,Mainboard
"Mainboard ASUS A68HM-K DDR3 | FM2+, ATX, 2 khe RAM",ASUS,"Mainboard ASUS A68HM-K DDR3 | FM2+, ATX, 2 khe RAM",1190000,https://theme.hstatic.net/200000420363/1001333448/14/appbuyxgety-icon.png?v=6362,Mainboard
"Mainboard ASUS B760M AYW Wifi DDR5 | LGA 1700, mATX, 4 khe RAM",ASUS,"Mainboard ASUS B760M AYW Wifi DDR5 | LGA 1700, mATX, 4 khe RAM",3099000,https://theme.hstatic.net/200000420363/1001333448/14/appbuyxgety-icon.png?v=6362,Mainboard
"Mainboard ASUS B860M-A Wifi DDR5 | LGA 1851, mATX, 4 khe RAM",ASUS,"Mainboard ASUS B860M-A Wifi DDR5 | LGA 1851, mATX, 4 khe RAM",3750000,https://theme.hstatic.net/200000420363/1001333448/14/appbuyxgety-icon.png?v=6362,Mainboard
"Mainboard ASUS B860M-K CSM DDR5 | LGA 1851, mATX, 2 khe RAM",ASUS,"Mainboard ASUS B860M-K CSM DDR5 | LGA 1851, mATX, 2 khe RAM",2699000,https://theme.hstatic.net/200000420363/1001333448/14/appbuyxgety-icon.png?v=6362,Mainboard
"Mainboard ASUS EX-B760M-V5 DDR5 | LGA 1700, mATX, 2 khe RAM",ASUS,"Mainboard ASUS EX-B760M-V5 DDR5 | LGA 1700, mATX, 2 khe RAM",2350000,https://theme.hstatic.net/200000420363/1001333448/14/appbuyxgety-icon.png?v=6362,Mainboard
"Mainboard ASUS H110M-K DDR4 | LGA 1151, mATX, 2 khe RAM",ASUS,"Mainboard ASUS H110M-K DDR4 | LGA 1151, mATX, 2 khe RAM",1390000,https://theme.hstatic.net/200000420363/1001333448/14/appbuyxgety-icon.png?v=6362,Mainboard
"Mainboard ASUS H610M-K DDR5 | LGA 1700, mATX, 2 khe RAM",ASUS,"Mainboard ASUS H610M-K DDR5 | LGA 1700, mATX, 2 khe RAM",1880000,https://theme.hstatic.net/200000420363/1001333448/14/appbuyxgety-icon.png?v=6362,Mainboard
"Mainboard ASUS Prime A620M-E DDR5 | AM5, mATX, 2 khe RAM",ASUS,"Mainboard ASUS Prime A620M-E DDR5 | AM5, mATX, 2 khe RAM",2090000,https://theme.hstatic.net/200000420363/1001333448/14/appbuyxgety-icon.png?v=6362,Mainboard
"Mainboard ASUS Prime B450M-A II DDR4 | AM4, mATX, 4 khe RAM",ASUS,"Mainboard ASUS Prime B450M-A II DDR4 | AM4, mATX, 4 khe RAM",1590000,https://theme.hstatic.net/200000420363/1001333448/14/appbuyxgety-icon.png?v=6362,Mainboard
"Mainboard ASUS Prime B550M-A DDR4 | AM4, mATX, 4 khe RAM",ASUS,"Mainboard ASUS Prime B550M-A DDR4 | AM4, mATX, 4 khe RAM",2289000,https://theme.hstatic.net/200000420363/1001333448/14/appbuyxgety-icon.png?v=6362,Mainboard
"Mainboard ASUS Prime B650M-A II DDR5 | AM5, mATX, 4 khe RAM",ASUS,"Mainboard ASUS Prime B650M-A II DDR5 | AM5, mATX, 4 khe RAM",3190000,https://theme.hstatic.net/200000420363/1001333448/14/appbuyxgety-icon.png?v=6362,Mainboard
"Mainboard ASUS Prime B650M-A/CSM Wifi DDR5 | AM5, mATX, 4 khe RAM",ASUS,"Mainboard ASUS Prime B650M-A/CSM Wifi DDR5 | AM5, mATX, 4 khe RAM",4290000,https://theme.hstatic.net/200000420363/1001333448/14/appbuyxgety-icon.png?v=6362,Mainboard
"Mainboard ASUS Prime B760M-A D4-CSM DDR4 | LGA 1700, mATX, 4 khe RAM",ASUS,"Mainboard ASUS Prime B760M-A D4-CSM DDR4 | LGA 1700, mATX, 4 khe RAM",2690000,https://theme.hstatic.net/200000420363/1001333448/14/appbuyxgety-icon.png?v=6362,Mainboard
"Mainboard ASUS Prime B760M-A DDR4 | LGA 1700, mATX, 4 khe RAM",ASUS,"Mainboard ASUS Prime B760M-A DDR4 | LGA 1700, mATX, 4 khe RAM",2490000,https://theme.hstatic.net/200000420363/1001333448/14/appbuyxgety-icon.png?v=6362,Mainboard
"Mainboard ASUS Prime B760M-A DDR5 | LGA 1700, mATX, 4 khe RAM",ASUS,"Mainboard ASUS Prime B760M-A DDR5 | LGA 1700, mATX, 4 khe RAM",3480000,https://theme.hstatic.net/200000420363/1001333448/14/appbuyxgety-icon.png?v=6362,Mainboard
"Mainboard ASUS Prime B760M-F D4 DDR4 | LGA 1700, mATX, 4 khe RAM",ASUS,"Mainboard ASUS Prime B760M-F D4 DDR4 | LGA 1700, mATX, 4 khe RAM",2090000,https://theme.hstatic.net/200000420363/1001333448/14/appbuyxgety-icon.png?v=6362,Mainboard
"Mainboard ASUS Prime B760M-F DDR5 | LGA 1700, mATX, 4 khe RAM",ASUS,"Mainboard ASUS Prime B760M-F DDR5 | LGA 1700, mATX, 4 khe RAM",2199000,https://theme.hstatic.net/200000420363/1001333448/14/appbuyxgety-icon.png?v=6362,Mainboard
"Mainboard ASUS Prime B760M-K DDR4 | LGA 1700, mATX, 2 khe RAM",ASUS,"Mainboard ASUS Prime B760M-K DDR4 | LGA 1700, mATX, 2 khe RAM",2490000,https://theme.hstatic.net/200000420363/1001333448/14/appbuyxgety-icon.png?v=6362,Mainboard
"Mainboard ASUS Prime B840M-A DDR5 | AM5, mATX, 4 khe RAM",ASUS,"Mainboard ASUS Prime B840M-A DDR5 | AM5, mATX, 4 khe RAM",4990000,https://theme.hstatic.net/200000420363/1001333448/14/appbuyxgety-icon.png?v=6362,Mainboard
"Mainboard ASUS Prime B840M-A Wifi DDR5 | AM5, mATX, 4 khe RAM",ASUS,"Mainboard ASUS Prime B840M-A Wifi DDR5 | AM5, mATX, 4 khe RAM",5490000,https://theme.hstatic.net/200000420363/1001333448/14/appbuyxgety-icon.png?v=6362,Mainboard
"Mainboard ASUS Prime H510M-K R2.0 DDR4 | LGA 1200, mATX, 2 khe RAM",ASUS,"Mainboard ASUS Prime H510M-K R2.0 DDR4 | LGA 1200, mATX, 2 khe RAM",1590000,https://theme.hstatic.net/200000420363/1001333448/14/appbuyxgety-icon.png?v=6362,Mainboard
"Mainboard ASUS Prime H610M-K DDR4 | LGA 1700, mATX, 2 khe RAM",ASUS,"Mainboard ASUS Prime H610M-K DDR4 | LGA 1700, mATX, 2 khe RAM",1590000,https://theme.hstatic.net/200000420363/1001333448/14/appbuyxgety-icon.png?v=6362,Mainboard
"Mainboard ASUS Prime Z790-P-CSM DDR5 | LGA 1700, ATX, 4 khe RAM",ASUS,"Mainboard ASUS Prime Z790-P-CSM DDR5 | LGA 1700, ATX, 4 khe RAM",4290000,https://theme.hstatic.net/200000420363/1001333448/14/appbuyxgety-icon.png?v=6362,Mainboard
"Mainboard ASUS Pro WS W680M-ACE SE DDR5 | LGA 1700, mATX, 4 khe RAM",ASUS,"Mainboard ASUS Pro WS W680M-ACE SE DDR5 | LGA 1700, mATX, 4 khe RAM",9290000,https://theme.hstatic.net/200000420363/1001333448/14/appbuyxgety-icon.png?v=6362,Mainboard
"Mainboard ASUS ROG Crosshair X870E Glacial DDR5 | AM5, E-ATX, 4 khe RAM",ASUS,"Mainboard ASUS ROG Crosshair X870E Glacial DDR5 | AM5, E-ATX, 4 khe RAM",28990000,https://theme.hstatic.net/200000420363/1001333448/14/appbuyxgety-icon.png?v=6362,Mainboard
"Mainboard ASUS ROG Crosshair X870E Hero DDR5 | AM5, E-ATX, 4 khe RAM",ASUS,"Mainboard ASUS ROG Crosshair X870E Hero DDR5 | AM5, E-ATX, 4 khe RAM",18490000,https://theme.hstatic.net/200000420363/1001333448/14/appbuyxgety-icon.png?v=6362,Mainboard
"Mainboard ASUS ROG Maximus Z890 Apex Wifi DDR5 | LGA 1851, ATX, 2 khe RAM",ASUS,"Mainboard ASUS ROG Maximus Z890 Apex Wifi DDR5 | LGA 1851, ATX, 2 khe RAM",15590000,https://theme.hstatic.net/200000420363/1001333448/14/appbuyxgety-icon.png?v=6362,Mainboard
"Mainboard ASUS ROG Strix B860-A Wifi DDR5 | LGA 1851, ATX, 4 khe RAM",ASUS,"Mainboard ASUS ROG Strix B860-A Wifi DDR5 | LGA 1851, ATX, 4 khe RAM",6999000,https://theme.hstatic.net/200000420363/1001333448/14/appbuyxgety-icon.png?v=6362,Mainboard
"Mainboard ASUS ROG Strix X670E-A Gaming Wifi DDR5 | AM5, ATX, 4 khe RAM",ASUS,"Mainboard ASUS ROG Strix X670E-A Gaming Wifi DDR5 | AM5, ATX, 4 khe RAM",10390000,https://theme.hstatic.net/200000420363/1001333448/14/appbuyxgety-icon.png?v=6362,Mainboard
"Mainboard ASUS ROG Strix Z790-A Gaming II Wifi DDR5 | LGA 1700, ATX, 4 khe RAM",ASUS,"Mainboard ASUS ROG Strix Z790-A Gaming II Wifi DDR5 | LGA 1700, ATX, 4 khe RAM",7999000,https://theme.hstatic.net/200000420363/1001333448/14/appbuyxgety-icon.png?v=6362,Mainboard
"Mainboard ASUS ROG Strix Z890-I Gaming Wifi DDR5 | LGA 1851, Mini-ITX, 2 khe RAM",ASUS,"Mainboard ASUS ROG Strix Z890-I Gaming Wifi DDR5 | LGA 1851, Mini-ITX, 2 khe RAM",12090000,https://theme.hstatic.net/200000420363/1001333448/14/appbuyxgety-icon.png?v=6362,Mainboard
"Mainboard ASUS TUF Gaming B650M Plus DDR5 | AM5, mATX, 4 khe RAM",ASUS,"Mainboard ASUS TUF Gaming B650M Plus DDR5 | AM5, mATX, 4 khe RAM",3690000,https://theme.hstatic.net/200000420363/1001333448/14/appbuyxgety-icon.png?v=6362,Mainboard
"Mainboard ASUS TUF Gaming B650M-E DDR5 | AM5, mATX, 4 khe RAM",ASUS,"Mainboard ASUS TUF Gaming B650M-E DDR5 | AM5, mATX, 4 khe RAM",3349000,https://theme.hstatic.net/200000420363/1001333448/14/appbuyxgety-icon.png?v=6362,Mainboard
"Mainboard ASUS TUF Gaming B650M-E Wifi DDR5 | AM5, mATX, 4 khe RAM",ASUS,"Mainboard ASUS TUF Gaming B650M-E Wifi DDR5 | AM5, mATX, 4 khe RAM",3790000,https://theme.hstatic.net/200000420363/1001333448/14/appbuyxgety-icon.png?v=6362,Mainboard
"Mainboard Asus TUF Gaming B760M-BTF WIFI D4 90MB1E50-M0EAY0 | Intel B760, Socket 1700, micro ATX, 4 khe DDR4",ASUS,"Mainboard Asus TUF Gaming B760M-BTF WIFI D4 90MB1E50-M0EAY0 | Intel B760, Socket 1700, micro ATX, 4 khe DDR4",5888000,https://theme.hstatic.net/200000420363/1001333448/14/appbuyxgety-icon.png?v=6362,Mainboard
"Mainboard ASUS TUF Gaming B760M-E D4 DDR4 | LGA 1700, mATX, 4 khe RAM",ASUS,"Mainboard ASUS TUF Gaming B760M-E D4 DDR4 | LGA 1700, mATX, 4 khe RAM",2999000,https://theme.hstatic.net/200000420363/1001333448/14/appbuyxgety-icon.png?v=6362,Mainboard
"Mainboard ASUS TUF Gaming B760M-PLUS II DDR5 | LGA 1700, mATX, 4 khe RAM",ASUS,"Mainboard ASUS TUF Gaming B760M-PLUS II DDR5 | LGA 1700, mATX, 4 khe RAM",3590000,https://theme.hstatic.net/200000420363/1001333448/14/appbuyxgety-icon.png?v=6362,Mainboard
"Mainboard ASUS TUF Gaming B760M-PLUS II Wifi DDR5 | LGA 1700, mATX, 4 khe RAM",ASUS,"Mainboard ASUS TUF Gaming B760M-PLUS II Wifi DDR5 | LGA 1700, mATX, 4 khe RAM",3999000,https://theme.hstatic.net/200000420363/1001333448/14/appbuyxgety-icon.png?v=6362,Mainboard
"Mainboard ASUS TUF Gaming B760M-PLUS Wifi DDR4 | LGA 1700, mATX, 4 khe RAM",ASUS,"Mainboard ASUS TUF Gaming B760M-PLUS Wifi DDR4 | LGA 1700, mATX, 4 khe RAM",3450000,https://theme.hstatic.net/200000420363/1001333448/14/appbuyxgety-icon.png?v=6362,Mainboard
"Mainboard ASUS TUF Gaming B850M-PLUS DDR5 | AM5, mATX, 4 khe RAM",ASUS,"Mainboard ASUS TUF Gaming B850M-PLUS DDR5 | AM5, mATX, 4 khe RAM",5690000,https://theme.hstatic.net/200000420363/1001333448/14/appbuyxgety-icon.png?v=6362,Mainboard
"Mainboard ASUS TUF GAMING B850M-PLUS II DDR5 | AM5, Micro-ATX, 4 khe RAM",ASUS,"Mainboard ASUS TUF GAMING B850M-PLUS II DDR5 | AM5, Micro-ATX, 4 khe RAM",5690000,https://theme.hstatic.net/200000420363/1001333448/14/appbuyxgety-icon.png?v=6362,Mainboard
"Mainboard ASUS TUF Gaming Z790-PLUS Wifi DDR5 | LGA 1700, ATX, 4 khe RAM",ASUS,"Mainboard ASUS TUF Gaming Z790-PLUS Wifi DDR5 | LGA 1700, ATX, 4 khe RAM",6911000,https://theme.hstatic.net/200000420363/1001333448/14/appbuyxgety-icon.png?v=6362,Mainboard
"Mainboard ASUS Z790 AYW W II Wifi DDR5 | LGA 1700, ATX, 4 khe RAM",ASUS,"Mainboard ASUS Z790 AYW W II Wifi DDR5 | LGA 1700, ATX, 4 khe RAM",5090000,https://theme.hstatic.net/200000420363/1001333448/14/appbuyxgety-icon.png?v=6362,Mainboard
"Mainboard Biostar A68U3P HiFi | FM2 + / FM2, mATX, 2 khe RAM",BIOSTAR,"Mainboard Biostar A68U3P HiFi | FM2 + / FM2, mATX, 2 khe RAM",1050000,https://theme.hstatic.net/200000420363/1001333448/14/appbuyxgety-icon.png?v=6362,Mainboard
"Mainboard Biostar B760MX2-E DDR5 | LGA 1700, mATX, 2 khe RAM",BIOSTAR,"Mainboard Biostar B760MX2-E DDR5 | LGA 1700, mATX, 2 khe RAM",2199000,https://theme.hstatic.net/200000420363/1001333448/14/appbuyxgety-icon.png?v=6362,Mainboard
"Mainboard Biostar Z690MX2-E Wifi DDR4 | LGA 1700, mATX, 2 khe RAM",BIOSTAR,"Mainboard Biostar Z690MX2-E Wifi DDR4 | LGA 1700, mATX, 2 khe RAM",2400000,https://theme.hstatic.net/200000420363/1001333448/14/appbuyxgety-icon.png?v=6362,Mainboard
"Mainboard Colorfire B760M-MEOW DDR5 | LGA 1700, mATX, 4 khe RAM",Unknown,"Mainboard Colorfire B760M-MEOW DDR5 | LGA 1700, mATX, 4 khe RAM",3530000,https://theme.hstatic.net/200000420363/1001333448/14/appbuyxgety-icon.png?v=6362,Mainboard
"Mainboard Colorful Battle-AX B650M Plus V15 Wifi DDR5 | AM5, mATX, 4 khe RAM",Unknown,"Mainboard Colorful Battle-AX B650M Plus V15 Wifi DDR5 | AM5, mATX, 4 khe RAM",2850000,https://theme.hstatic.net/200000420363/1001333448/14/appbuyxgety-icon.png?v=6362,Mainboard
"Mainboard Colorful Battle-AX B760M-D PRO V20 DDR4 | LGA 1700, mATX, 2 khe RAM",Unknown,"Mainboard Colorful Battle-AX B760M-D PRO V20 DDR4 | LGA 1700, mATX, 2 khe RAM",1950000,https://theme.hstatic.net/200000420363/1001333448/14/appbuyxgety-icon.png?v=6362,Mainboard
"Mainboard Colorful Battle-AX B760M-K V20 DDR5 | LGA 1700, mATX, 2 khe RAM",Unknown,"Mainboard Colorful Battle-AX B760M-K V20 DDR5 | LGA 1700, mATX, 2 khe RAM",2390000,https://theme.hstatic.net/200000420363/1001333448/14/appbuyxgety-icon.png?v=6362,Mainboard
"Mainboard Colorful Battle-AX B760M-T V20 Wifi DDR4 | LGA 1700, mATX, 2 khe RAM",Unknown,"Mainboard Colorful Battle-AX B760M-T V20 Wifi DDR4 | LGA 1700, mATX, 2 khe RAM",2190000,https://theme.hstatic.net/200000420363/1001333448/14/appbuyxgety-icon.png?v=6362,Mainboard
"Mainboard Colorful Battle-AX B760M-T V21A Wifi DDR4 | LGA 1700, mATX, 2 khe RAM",Unknown,"Mainboard Colorful Battle-AX B760M-T V21A Wifi DDR4 | LGA 1700, mATX, 2 khe RAM",2190000,https://theme.hstatic.net/200000420363/1001333448/14/appbuyxgety-icon.png?v=6362,Mainboard
"Mainboard Colorful Battle-AX H610M-E V20 Wifi DDR4 | LGA 1700, mATX, 2 khe RAM",Unknown,"Mainboard Colorful Battle-AX H610M-E V20 Wifi DDR4 | LGA 1700, mATX, 2 khe RAM",2090000,https://theme.hstatic.net/200000420363/1001333448/14/appbuyxgety-icon.png?v=6362,Mainboard
"Mainboard Colorful BATTLE-AX H610M-P Wifi DDR5 | LGA 1700, mATX, 2 khe RAM",Unknown,"Mainboard Colorful BATTLE-AX H610M-P Wifi DDR5 | LGA 1700, mATX, 2 khe RAM",1799000,https://theme.hstatic.net/200000420363/1001333448/14/appbuyxgety-icon.png?v=6362,Mainboard
"Mainboard Colorful CVN B550M Gaming Frozen V14 DDR4 | AM4, mATX, 4 khe RAM",Unknown,"Mainboard Colorful CVN B550M Gaming Frozen V14 DDR4 | AM4, mATX, 4 khe RAM",3390000,https://theme.hstatic.net/200000420363/1001333448/14/appbuyxgety-icon.png?v=6362,Mainboard
"Mainboard Colorful CVN B760M Frozen V20 Wifi DDR5 | LGA 1700, mATX, 4 khe RAM",Unknown,"Mainboard Colorful CVN B760M Frozen V20 Wifi DDR5 | LGA 1700, mATX, 4 khe RAM",3511000,https://theme.hstatic.net/200000420363/1001333448/14/appbuyxgety-icon.png?v=6362,Mainboard
"Mainboard Colorful CVN B760M Frozen Wifi Plus V20 Wifi DDR5 | LGA 1700, mATX, 4 khe RAM",Unknown,"Mainboard Colorful CVN B760M Frozen Wifi Plus V20 Wifi DDR5 | LGA 1700, mATX, 4 khe RAM",3799000,https://theme.hstatic.net/200000420363/1001333448/14/appbuyxgety-icon.png?v=6362,Mainboard
"Mainboard Colorful H510M-K M.2 V21 DDR4 | LGA 1200, mATX, 2 khe RAM",Unknown,"Mainboard Colorful H510M-K M.2 V21 DDR4 | LGA 1200, mATX, 2 khe RAM",1490000,https://theme.hstatic.net/200000420363/1001333448/14/appbuyxgety-icon.png?v=6362,Mainboard
"Mainboard Colorful H610M-D V20A DDR4 | LGA 1700, mATX, 2 khe RAM",Unknown,"Mainboard Colorful H610M-D V20A DDR4 | LGA 1700, mATX, 2 khe RAM",1550000,https://theme.hstatic.net/200000420363/1001333448/14/appbuyxgety-icon.png?v=6362,Mainboard
"Mainboard Colorful H610M-E V20 DDR4 | LGA 1700, mATX, 2 khe RAM",Unknown,"Mainboard Colorful H610M-E V20 DDR4 | LGA 1700, mATX, 2 khe RAM",1590000,https://theme.hstatic.net/200000420363/1001333448/14/appbuyxgety-icon.png?v=6362,Mainboard
"Mainboard Gigabyte A520M K V2 DDR4 | AM4, mATX, 2 khe RAM",Gigabyte,"Mainboard Gigabyte A520M K V2 DDR4 | AM4, mATX, 2 khe RAM",1290000,https://theme.hstatic.net/200000420363/1001333448/14/appbuyxgety-icon.png?v=6362,Mainboard
"Mainboard Gigabyte B360M-D2V DDR4 Cũ | LGA 1151, mATX, 2 khe RAM",Gigabyte,"Mainboard Gigabyte B360M-D2V DDR4 Cũ | LGA 1151, mATX, 2 khe RAM",820000,https://theme.hstatic.net/200000420363/1001333448/14/appbuyxgety-icon.png?v=6362,Mainboard
"Mainboard Gigabyte B550M AORUS Elite AX Wifi DDR4 | AM4, mATX, 4 khe RAM",Gigabyte,"Mainboard Gigabyte B550M AORUS Elite AX Wifi DDR4 | AM4, mATX, 4 khe RAM",2950000,https://theme.hstatic.net/200000420363/1001333448/14/appbuyxgety-icon.png?v=6362,Mainboard
"Mainboard Gigabyte B550M DS3H DDR4 | AM4, ATX, 4 khe RAM",Gigabyte,"Mainboard Gigabyte B550M DS3H DDR4 | AM4, ATX, 4 khe RAM",2590000,https://theme.hstatic.net/200000420363/1001333448/14/appbuyxgety-icon.png?v=6362,Mainboard
"Mainboard Gigabyte B650M AORUS Elite AX Wifi DDR5 | AM5, mATX, 4 khe RAM",Gigabyte,"Mainboard Gigabyte B650M AORUS Elite AX Wifi DDR5 | AM5, mATX, 4 khe RAM",4089000,https://theme.hstatic.net/200000420363/1001333448/14/appbuyxgety-icon.png?v=6362,Mainboard
"Mainboard Gigabyte B650M D2HP Rev 1.2 DDR5 | AM5, mATX, 2 khe RAM",Gigabyte,"Mainboard Gigabyte B650M D2HP Rev 1.2 DDR5 | AM5, mATX, 2 khe RAM",2690000,https://theme.hstatic.net/200000420363/1001333448/14/appbuyxgety-icon.png?v=6362,Mainboard
"Mainboard Gigabyte B650M Gaming Plus Wifi DDR5 | AM5, mATX, 4 khe RAM",Gigabyte,"Mainboard Gigabyte B650M Gaming Plus Wifi DDR5 | AM5, mATX, 4 khe RAM",3490000,https://theme.hstatic.net/200000420363/1001333448/14/appbuyxgety-icon.png?v=6362,Mainboard
"Mainboard Gigabyte B760M AORUS Elite AX Wifi DDR5 | LGA 1700, mATX, 4 khe RAM",Gigabyte,"Mainboard Gigabyte B760M AORUS Elite AX Wifi DDR5 | LGA 1700, mATX, 4 khe RAM",4190000,https://theme.hstatic.net/200000420363/1001333448/14/appbuyxgety-icon.png?v=6362,Mainboard
"Mainboard Gigabyte B760M AORUS Elite DDR5 | LGA 1700, mATX, 4 khe RAM",Gigabyte,"Mainboard Gigabyte B760M AORUS Elite DDR5 | LGA 1700, mATX, 4 khe RAM",3900000,https://theme.hstatic.net/200000420363/1001333448/14/appbuyxgety-icon.png?v=6362,Mainboard
"Mainboard Gigabyte B760M D Rev 1.0 DDR4 | LGA 1700, mATX, 2 khe RAM",Gigabyte,"Mainboard Gigabyte B760M D Rev 1.0 DDR4 | LGA 1700, mATX, 2 khe RAM",2330000,https://theme.hstatic.net/200000420363/1001333448/14/appbuyxgety-icon.png?v=6362,Mainboard
"Mainboard Gigabyte B760M DS3H AX Wifi DDR4 | LGA 1700, mATX, 4 khe RAM",Gigabyte,"Mainboard Gigabyte B760M DS3H AX Wifi DDR4 | LGA 1700, mATX, 4 khe RAM",3390000,https://theme.hstatic.net/200000420363/1001333448/14/appbuyxgety-icon.png?v=6362,Mainboard
"Mainboard Gigabyte B760M DS3H DDR4 | LGA 1700, mATX, 4 khe RAM",Gigabyte,"Mainboard Gigabyte B760M DS3H DDR4 | LGA 1700, mATX, 4 khe RAM",2650000,https://theme.hstatic.net/200000420363/1001333448/14/appbuyxgety-icon.png?v=6362,Mainboard
"Mainboard Gigabyte B760M Gaming Plus Wifi DDR4 | LGA 1700, mATX, 4 khe RAM",Gigabyte,"Mainboard Gigabyte B760M Gaming Plus Wifi DDR4 | LGA 1700, mATX, 4 khe RAM",3190000,https://theme.hstatic.net/200000420363/1001333448/14/appbuyxgety-icon.png?v=6362,Mainboard
"Mainboard Gigabyte B760M K V2 Rev 1.0 DDR4 | LGA 1700, mATX, 2 khe RAM",Gigabyte,"Mainboard Gigabyte B760M K V2 Rev 1.0 DDR4 | LGA 1700, mATX, 2 khe RAM",2150000,https://theme.hstatic.net/200000420363/1001333448/14/appbuyxgety-icon.png?v=6362,Mainboard
"Mainboard Gigabyte B860M DS3H DDR5 | LGA 1851, mATX, 4 khe RAM",Gigabyte,"Mainboard Gigabyte B860M DS3H DDR5 | LGA 1851, mATX, 4 khe RAM",3790000,https://theme.hstatic.net/200000420363/1001333448/14/appbuyxgety-icon.png?v=6362,Mainboard
Mainboard Gigabyte B860M EAGLE WIFI6E MATX DDR5,Gigabyte,Mainboard Gigabyte B860M EAGLE WIFI6E MATX DDR5,3830000,https://theme.hstatic.net/200000420363/1001333448/14/appbuyxgety-icon.png?v=6362,Mainboard
"Mainboard Gigabyte H110M-M2 DDR4 | LGA 1151, mATX, 2 khe RAM",Gigabyte,"Mainboard Gigabyte H110M-M2 DDR4 | LGA 1151, mATX, 2 khe RAM",1590000,https://theme.hstatic.net/200000420363/1001333448/14/appbuyxgety-icon.png?v=6362,Mainboard
"Mainboard Gigabyte H310M M.2 2.0 Rev 1.x DDR4 | LGA1151, mATX, 2 khe RAM",Gigabyte,"Mainboard Gigabyte H310M M.2 2.0 Rev 1.x DDR4 | LGA1151, mATX, 2 khe RAM",1590000,https://theme.hstatic.net/200000420363/1001333448/14/appbuyxgety-icon.png?v=6362,Mainboard
"Mainboard Gigabyte H510M H V2 DDR4 | LGA 1200, mATX, 2 khe RAM",Gigabyte,"Mainboard Gigabyte H510M H V2 DDR4 | LGA 1200, mATX, 2 khe RAM",1690000,https://theme.hstatic.net/200000420363/1001333448/14/appbuyxgety-icon.png?v=6362,Mainboard
"Mainboard Gigabyte H610M H V3 Rev 1.0 DDR4 | LGA 1700, mATX, 2 khe RAM",Gigabyte,"Mainboard Gigabyte H610M H V3 Rev 1.0 DDR4 | LGA 1700, mATX, 2 khe RAM",1490000,https://theme.hstatic.net/200000420363/1001333448/14/appbuyxgety-icon.png?v=6362,Mainboard
"Mainboard Gigabyte H610M K Rev 1.0 DDR4 | LGA 1700, mATX, 2 khe RAM",Gigabyte,"Mainboard Gigabyte H610M K Rev 1.0 DDR4 | LGA 1700, mATX, 2 khe RAM",1490000,https://theme.hstatic.net/200000420363/1001333448/14/appbuyxgety-icon.png?v=6362,Mainboard
"Mainboard Gigabyte H810M-K DDR5 | LGA 1851, mATX, 2 khe RAM",Gigabyte,"Mainboard Gigabyte H810M-K DDR5 | LGA 1851, mATX, 2 khe RAM",2350000,https://theme.hstatic.net/200000420363/1001333448/14/appbuyxgety-icon.png?v=6362,Mainboard
"Mainboard Gigabyte X870 AORUS Elite ICE Wifi DDR5 | AM5, ATX, 4 khe RAM",Gigabyte,"Mainboard Gigabyte X870 AORUS Elite ICE Wifi DDR5 | AM5, ATX, 4 khe RAM",9090000,https://theme.hstatic.net/200000420363/1001333448/14/appbuyxgety-icon.png?v=6362,Mainboard
"Mainboard Gigabyte X870 AORUS Elite Wifi DDR5 | AM5, ATX, 4 khe RAM",Gigabyte,"Mainboard Gigabyte X870 AORUS Elite Wifi DDR5 | AM5, ATX, 4 khe RAM",8390000,https://theme.hstatic.net/200000420363/1001333448/14/appbuyxgety-icon.png?v=6362,Mainboard
"Mainboard Gigabyte X870 EAGLE Wifi DDR5 | AM5, ATX, 4 khe RAM",Gigabyte,"Mainboard Gigabyte X870 EAGLE Wifi DDR5 | AM5, ATX, 4 khe RAM",5490000,https://theme.hstatic.net/200000420363/1001333448/14/appbuyxgety-icon.png?v=6362,Mainboard
"Mainboard Gigabyte X870 Gaming Wifi DDR5 | AM5, ATX, 4 khe RAM",Gigabyte,"Mainboard Gigabyte X870 Gaming Wifi DDR5 | AM5, ATX, 4 khe RAM",5390000,https://theme.hstatic.net/200000420363/1001333448/14/appbuyxgety-icon.png?v=6362,Mainboard
"Mainboard Gigabyte Z690 AERO G DDR5 | LGA 1700, ATX, 4 khe RAM",Gigabyte,"Mainboard Gigabyte Z690 AERO G DDR5 | LGA 1700, ATX, 4 khe RAM",7199000,https://theme.hstatic.net/200000420363/1001333448/14/appbuyxgety-icon.png?v=6362,Mainboard
"Mainboard Gigabyte Z790 AORUS Elite AX Wifi DDR5 | LGA 1700, ATX, 4 khe RAM",Gigabyte,"Mainboard Gigabyte Z790 AORUS Elite AX Wifi DDR5 | LGA 1700, ATX, 4 khe RAM",5850000,https://theme.hstatic.net/200000420363/1001333448/14/appbuyxgety-icon.png?v=6362,Mainboard
"Mainboard Gigabyte Z790 EAGLE AX Rev 1.0 Wifi DDR5 | LGA 1700, ATX, 4 khe RAM",Gigabyte,"Mainboard Gigabyte Z790 EAGLE AX Rev 1.0 Wifi DDR5 | LGA 1700, ATX, 4 khe RAM",4890000,https://theme.hstatic.net/200000420363/1001333448/14/appbuyxgety-icon.png?v=6362,Mainboard
"Mainboard Gigabyte Z790 UD AX Wifi DDR5 | LGA1700, ATX, 4 khe RAM",Gigabyte,"Mainboard Gigabyte Z790 UD AX Wifi DDR5 | LGA1700, ATX, 4 khe RAM",5490000,https://theme.hstatic.net/200000420363/1001333448/14/appbuyxgety-icon.png?v=6362,Mainboard
"Mainboard Gigabyte Z790 UD DDR5 | LGA 1700, ATX, 4 khe RAM",Gigabyte,"Mainboard Gigabyte Z790 UD DDR5 | LGA 1700, ATX, 4 khe RAM",5099000,https://theme.hstatic.net/200000420363/1001333448/14/appbuyxgety-icon.png?v=6362,Mainboard
"Mainboard Gigabyte Z790M AORUS Elite AX Rev 1.0 Wifi DDR5 | LGA 1700, mATX, 4 khe RAM",Gigabyte,"Mainboard Gigabyte Z790M AORUS Elite AX Rev 1.0 Wifi DDR5 | LGA 1700, mATX, 4 khe RAM",5250000,https://theme.hstatic.net/200000420363/1001333448/14/appbuyxgety-icon.png?v=6362,Mainboard
"Mainboard Gigabyte Z890M AORUS Elite Wifi DDR5 | LGA 1851, mATX, 4 khe RAM",Gigabyte,"Mainboard Gigabyte Z890M AORUS Elite Wifi DDR5 | LGA 1851, mATX, 4 khe RAM",6190000,https://theme.hstatic.net/200000420363/1001333448/14/appbuyxgety-icon.png?v=6362,Mainboard
"Mainboard Huananzhi H610M-K DDR4 | LGA 1700, mATX, 2 khe RAM",Unknown,"Mainboard Huananzhi H610M-K DDR4 | LGA 1700, mATX, 2 khe RAM",1350000,https://theme.hstatic.net/200000420363/1001333448/14/appbuyxgety-icon.png?v=6362,Mainboard
"Mainboard Huananzhi H610M-VH-A DDR4 | LGA 1700, mATX, 2 khe RAM",Unknown,"Mainboard Huananzhi H610M-VH-A DDR4 | LGA 1700, mATX, 2 khe RAM",1490000,https://theme.hstatic.net/200000420363/1001333448/14/appbuyxgety-icon.png?v=6362,Mainboard
"Mainboard Huananzhi X99 F8D Plus DDR4 | LGA 2011, E-ATX, 4 khe RAM",Unknown,"Mainboard Huananzhi X99 F8D Plus DDR4 | LGA 2011, E-ATX, 4 khe RAM",3190000,https://theme.hstatic.net/200000420363/1001333448/14/appbuyxgety-icon.png?v=6362,Mainboard
"Mainboard Huananzhi X99-8D4 DDR4 | LGA 2011, ATX, 4 khe RAM",Unknown,"Mainboard Huananzhi X99-8D4 DDR4 | LGA 2011, ATX, 4 khe RAM",2090000,https://theme.hstatic.net/200000420363/1001333448/14/appbuyxgety-icon.png?v=6362,Mainboard
"Mainboard Huananzhi X99-F8D DDR4 | LGA 2011, ATX, 4 khe RAM",Unknown,"Mainboard Huananzhi X99-F8D DDR4 | LGA 2011, ATX, 4 khe RAM",2880000,https://theme.hstatic.net/200000420363/1001333448/14/appbuyxgety-icon.png?v=6362,Mainboard
"Mainboard IC847 IC847-PLUS DDR3 | BGA 1023, BTC, 8 khe RAM",Unknown,"Mainboard IC847 IC847-PLUS DDR3 | BGA 1023, BTC, 8 khe RAM",2550000,https://theme.hstatic.net/200000420363/1001333448/14/appbuyxgety-icon.png?v=6362,Mainboard
"Mainboard MSI A320M-A Pro DDR4 | AM4, mATX, 2 khe RAM",MSI,"Mainboard MSI A320M-A Pro DDR4 | AM4, mATX, 2 khe RAM",1235000,https://theme.hstatic.net/200000420363/1001333448/14/appbuyxgety-icon.png?v=6362,Mainboard
"Mainboard MSI A520M-A Pro DDR4 | AM4, mATX, 2 khe RAM",MSI,"Mainboard MSI A520M-A Pro DDR4 | AM4, mATX, 2 khe RAM",1390000,https://theme.hstatic.net/200000420363/1001333448/14/appbuyxgety-icon.png?v=6362,Mainboard
"Mainboard MSI B450M-A PRO MAX II DDR4 | AM4, mATX, 2 khe RAM",MSI,"Mainboard MSI B450M-A PRO MAX II DDR4 | AM4, mATX, 2 khe RAM",1490000,https://theme.hstatic.net/200000420363/1001333448/14/appbuyxgety-icon.png?v=6362,Mainboard
Mainboard MSI B460M Pro (QSD),MSI,Mainboard MSI B460M Pro (QSD),990000,https://theme.hstatic.net/200000420363/1001333448/14/appbuyxgety-icon.png?v=6362,Mainboard
"Mainboard MSI B650M Gaming Plus Wifi DDR5 | AM5, mATX, 4 khe RAM",MSI,"Mainboard MSI B650M Gaming Plus Wifi DDR5 | AM5, mATX, 4 khe RAM",3790000,https://theme.hstatic.net/200000420363/1001333448/14/appbuyxgety-icon.png?v=6362,Mainboard
"Mainboard MSI B650M-P PRO DDR5 | AM5, mATX, 2 khe RAM",MSI,"Mainboard MSI B650M-P PRO DDR5 | AM5, mATX, 2 khe RAM",2950000,https://theme.hstatic.net/200000420363/1001333448/14/appbuyxgety-icon.png?v=6362,Mainboard
"Mainboard MSI B760M Gaming Plus Wifi DDR4 | LGA 1700, mATX, 4 khe RAM",MSI,"Mainboard MSI B760M Gaming Plus Wifi DDR4 | LGA 1700, mATX, 4 khe RAM",3150000,https://theme.hstatic.net/200000420363/1001333448/14/appbuyxgety-icon.png?v=6362,Mainboard
"Mainboard MSI B760M Gaming Plus Wifi DDR5 | LGA1700, mATX, 4 khe RAM",MSI,"Mainboard MSI B760M Gaming Plus Wifi DDR5 | LGA1700, mATX, 4 khe RAM",3590000,https://theme.hstatic.net/200000420363/1001333448/14/appbuyxgety-icon.png?v=6362,Mainboard
"Mainboard MSI B760M Gaming Wifi DDR5 | LGA 1700, mATX, 4 khe RAM",MSI,"Mainboard MSI B760M Gaming Wifi DDR5 | LGA 1700, mATX, 4 khe RAM",2730000,https://theme.hstatic.net/200000420363/1001333448/14/appbuyxgety-icon.png?v=6362,Mainboard
"Mainboard MSI B760M Project Zero DDR5 | LGA 1700, mATX, 2 khe RAM",MSI,"Mainboard MSI B760M Project Zero DDR5 | LGA 1700, mATX, 2 khe RAM",5090000,https://theme.hstatic.net/200000420363/1001333448/14/appbuyxgety-icon.png?v=6362,Mainboard
"Mainboard MSI B760M-P DDR4 | LGA 1700, mATX, 4 khe RAM",MSI,"Mainboard MSI B760M-P DDR4 | LGA 1700, mATX, 4 khe RAM",2390000,https://theme.hstatic.net/200000420363/1001333448/14/appbuyxgety-icon.png?v=6362,Mainboard
"Mainboard MSI B850 MLG EDITION DDR5 | AM5, ATX, 4 khe RAM",MSI,"Mainboard MSI B850 MLG EDITION DDR5 | AM5, ATX, 4 khe RAM",8990000,https://theme.hstatic.net/200000420363/1001333448/14/appbuyxgety-icon.png?v=6362,Mainboard
"Mainboard MSI H510M-Plus II DDR4 | LGA 1200, mATX, 2 khe RAM",MSI,"Mainboard MSI H510M-Plus II DDR4 | LGA 1200, mATX, 2 khe RAM",1650000,https://theme.hstatic.net/200000420363/1001333448/14/appbuyxgety-icon.png?v=6362,Mainboard
"Mainboard MSI H610M Bomber DDR4 | LGA 1700, mATX, 2 khe RAM",MSI,"Mainboard MSI H610M Bomber DDR4 | LGA 1700, mATX, 2 khe RAM",1590000,https://theme.hstatic.net/200000420363/1001333448/14/appbuyxgety-icon.png?v=6362,Mainboard
"Mainboard MSI H610M PRO H610M-S Wifi DDR4 | LGA 1700, mATX, 2 khe RAM",MSI,"Mainboard MSI H610M PRO H610M-S Wifi DDR4 | LGA 1700, mATX, 2 khe RAM",1990000,https://theme.hstatic.net/200000420363/1001333448/14/appbuyxgety-icon.png?v=6362,Mainboard
"Mainboard MSI MAG X870 Tomahawk Wifi DDR5 | AM5, ATX, 2 khe RAM",MSI,"Mainboard MSI MAG X870 Tomahawk Wifi DDR5 | AM5, ATX, 2 khe RAM",8490000,https://theme.hstatic.net/200000420363/1001333448/14/appbuyxgety-icon.png?v=6362,Mainboard
"Mainboard MSI MEG Z890 GODLIKE DDR5 | LGA 1851, ATX, 4 khe RAM",MSI,"Mainboard MSI MEG Z890 GODLIKE DDR5 | LGA 1851, ATX, 4 khe RAM",31600000,https://theme.hstatic.net/200000420363/1001333448/14/appbuyxgety-icon.png?v=6362,Mainboard
"Mainboard MSI MPG B760I Edge Wifi DDR4 | LGA1700, Mini-ITX, 2 khe RAM",MSI,"Mainboard MSI MPG B760I Edge Wifi DDR4 | LGA1700, Mini-ITX, 2 khe RAM",4479000,https://theme.hstatic.net/200000420363/1001333448/14/appbuyxgety-icon.png?v=6362,Mainboard
"Mainboard MSI MPG B760I EDGE Wifi DDR5 | LGA 1700, Mini-ITX, 2 khe RAM",MSI,"Mainboard MSI MPG B760I EDGE Wifi DDR5 | LGA 1700, Mini-ITX, 2 khe RAM",4733000,https://theme.hstatic.net/200000420363/1001333448/14/appbuyxgety-icon.png?v=6362,Mainboard
"Mainboard MSI MPG X870E Carbon Wifi DDR5 | AM5, ATX, 4 khe RAM",MSI,"Mainboard MSI MPG X870E Carbon Wifi DDR5 | AM5, ATX, 4 khe RAM",13490000,https://theme.hstatic.net/200000420363/1001333448/14/appbuyxgety-icon.png?v=6362,Mainboard
"Mainboard MSI Pro A620AM-B EVO DDR5 | AM5, mATX, 2 khe RAM",MSI,"Mainboard MSI Pro A620AM-B EVO DDR5 | AM5, mATX, 2 khe RAM",1990000,https://theme.hstatic.net/200000420363/1001333448/14/appbuyxgety-icon.png?v=6362,Mainboard
"Mainboard MSI PRO B760M-E DDR4 | LGA 1700, mATX, 2 khe RAM",MSI,"Mainboard MSI PRO B760M-E DDR4 | LGA 1700, mATX, 2 khe RAM",2190000,https://theme.hstatic.net/200000420363/1001333448/14/appbuyxgety-icon.png?v=6362,Mainboard
"Mainboard MSI PRO B760M-E DDR5 | LGA 1700, mATX, 2 khe RAM",MSI,"Mainboard MSI PRO B760M-E DDR5 | LGA 1700, mATX, 2 khe RAM",2250000,https://theme.hstatic.net/200000420363/1001333448/14/appbuyxgety-icon.png?v=6362,Mainboard
"Mainboard MSI PRO B760M-P DDR5 | LGA 1700, mATX, 2 khe RAM",MSI,"Mainboard MSI PRO B760M-P DDR5 | LGA 1700, mATX, 2 khe RAM",2750000,https://theme.hstatic.net/200000420363/1001333448/14/appbuyxgety-icon.png?v=6362,Mainboard
"Mainboard MSI PRO H610M-E DDR4 | LGA 1700, mATX, 2 khe RAM",MSI,"Mainboard MSI PRO H610M-E DDR4 | LGA 1700, mATX, 2 khe RAM",1490000,https://theme.hstatic.net/200000420363/1001333448/14/appbuyxgety-icon.png?v=6362,Mainboard
"Mainboard MSI Pro H610M-E DDR5 | LGA 1700, mATX, 2 khe RAM",MSI,"Mainboard MSI Pro H610M-E DDR5 | LGA 1700, mATX, 2 khe RAM",1850000,https://theme.hstatic.net/200000420363/1001333448/14/appbuyxgety-icon.png?v=6362,Mainboard
"Mainboard MSI Pro H610M-S DDR4 | LGA 1700, mATX, 2 khe RAM",MSI,"Mainboard MSI Pro H610M-S DDR4 | LGA 1700, mATX, 2 khe RAM",1690000,https://theme.hstatic.net/200000420363/1001333448/14/appbuyxgety-icon.png?v=6362,Mainboard
"Mainboard MSI PRO X870-P WIFI DDR5 | AM5, ATX, 4 khe RAM",MSI,"Mainboard MSI PRO X870-P WIFI DDR5 | AM5, ATX, 4 khe RAM",6290000,https://theme.hstatic.net/200000420363/1001333448/14/appbuyxgety-icon.png?v=6362,Mainboard
"Mainboard MSI Pro Z790-P Wifi DDR4 | LGA 1700, ATX, 2 khe RAM",MSI,"Mainboard MSI Pro Z790-P Wifi DDR4 | LGA 1700, ATX, 2 khe RAM",5299000,https://theme.hstatic.net/200000420363/1001333448/14/appbuyxgety-icon.png?v=6362,Mainboard
"Mainboard MSI PRO Z790-P Wifi DDR5 | LGA 1700, ATX, 2 khe RAM",MSI,"Mainboard MSI PRO Z790-P Wifi DDR5 | LGA 1700, ATX, 2 khe RAM",4999000,https://theme.hstatic.net/200000420363/1001333448/14/appbuyxgety-icon.png?v=6362,Mainboard
"Mainboard MSI Z790 Gaming Plus Wifi DDR5 | LGA 1700, ATX, 4 khe RAM",MSI,"Mainboard MSI Z790 Gaming Plus Wifi DDR5 | LGA 1700, ATX, 4 khe RAM",6099000,https://theme.hstatic.net/200000420363/1001333448/14/appbuyxgety-icon.png?v=6362,Mainboard
Mainboard MSI Z890 GAMING PLUS WIFI,MSI,Mainboard MSI Z890 GAMING PLUS WIFI,7522000,https://theme.hstatic.net/200000420363/1001333448/14/appbuyxgety-icon.png?v=6362,Mainboard
"Mainboard Onda D1800-BTC DDR3 | mATX, 2 khe RAM",Unknown,"Mainboard Onda D1800-BTC DDR3 | mATX, 2 khe RAM",1950000,https://theme.hstatic.net/200000420363/1001333448/14/appbuyxgety-icon.png?v=6362,Mainboard
"Mainboard SAPPHIRE Pulse A620AM DDR5 | AM5, mATX, 2 khe RAM",Unknown,"Mainboard SAPPHIRE Pulse A620AM DDR5 | AM5, mATX, 2 khe RAM",2150000,https://theme.hstatic.net/200000420363/1001333448/14/appbuyxgety-icon.png?v=6362,Mainboard
"Mainboard SSTC B760M GAMING PRO-H2D DDR5 | LGA 1700, mATX, 2 khe RAM",Unknown,"Mainboard SSTC B760M GAMING PRO-H2D DDR5 | LGA 1700, mATX, 2 khe RAM",1899000,https://theme.hstatic.net/200000420363/1001333448/14/appbuyxgety-icon.png?v=6362,Mainboard
"Mainboard T-Wolf H610M Wifi DDR4 | LGA 1700, mATX, 2 khe RAM",Unknown,"Mainboard T-Wolf H610M Wifi DDR4 | LGA 1700, mATX, 2 khe RAM",1490000,https://theme.hstatic.net/200000420363/1001333448/14/appbuyxgety-icon.png?v=6362,Mainboard
"Mainboard T-WOLF Xeon X99 TW-DU99D4 DDR4 | LGA 2011, ATX, 4 khe RAM",Unknown,"Mainboard T-WOLF Xeon X99 TW-DU99D4 DDR4 | LGA 2011, ATX, 4 khe RAM",2290000,https://theme.hstatic.net/200000420363/1001333448/14/appbuyxgety-icon.png?v=6362,Mainboard
"Mainboard Unika H510M.ITX DDR4 | LGA 1200, Mini-ITX, 2 khe RAM",Unknown,"Mainboard Unika H510M.ITX DDR4 | LGA 1200, Mini-ITX, 2 khe RAM",1590000,https://theme.hstatic.net/200000420363/1001333448/14/appbuyxgety-icon.png?v=6362,Mainboard
"Mainboard Unika H610M.666 DDR4 | LGA 1700, mATX, 2 khe RAM",Unknown,"Mainboard Unika H610M.666 DDR4 | LGA 1700, mATX, 2 khe RAM",1390000,https://theme.hstatic.net/200000420363/1001333448/14/appbuyxgety-icon.png?v=6362,Mainboard
"Mainboard VSP IC8565BK DDR3 | LGA 1150, mATX, 2 khe RAM",Unknown,"Mainboard VSP IC8565BK DDR3 | LGA 1150, mATX, 2 khe RAM",1090000,https://theme.hstatic.net/200000420363/1001333448/14/appbuyxgety-icon.png?v=6362,Mainboard
"Mainboard VSP X99 Q8M Pro DDR4 | LGA2011-3, E-ATX, 8 khe RAM",Unknown,"Mainboard VSP X99 Q8M Pro DDR4 | LGA2011-3, E-ATX, 8 khe RAM",2850000,https://theme.hstatic.net/200000420363/1001333448/14/appbuyxgety-icon.png?v=6362,Mainboard
