ten_psu,hang,thong_so,gia_vnd,link_hinh_anh,category
Nguồn Acbel 350W Đến 380W (QSD),Unknown,Nguồn Acbel 350W Đến 380W (QSD),140000,https://theme.hstatic.net/200000420363/1001333448/14/appbuyxgety-icon.png?v=6362,PSU
Nguồn Centaur 450W 80 Plus,Unknown,Nguồn Centaur 450W 80 Plus,449000,https://theme.hstatic.net/200000420363/1001333448/14/appbuyxgety-icon.png?v=6362,PSU
Nguồn Centaur 550W 80 Plus,Unknown,Nguồn Centaur 550W 80 Plus,589000,https://theme.hstatic.net/200000420363/1001333448/14/appbuyxgety-icon.png?v=6362,PSU
Nguồn Centaur 650W 80 Plus QSD,Unknown,Nguồn Centaur 650W 80 Plus QSD,490000,https://theme.hstatic.net/200000420363/1001333448/14/appbuyxgety-icon.png?v=6362,PSU
Nguồn Cooler Master Elite PC500 500W V3 QSD (MPW-5001-PSABN1),Unknown,Nguồn Cooler Master Elite PC500 500W V3 QSD (MPW-5001-PSABN1),360000,https://theme.hstatic.net/200000420363/1001333448/14/appbuyxgety-icon.png?v=6362,PSU
Nguồn Jetek Q9600 cũ QSD,Jetek,Nguồn Jetek Q9600 cũ QSD,150000,https://theme.hstatic.net/200000420363/1001333448/14/appbuyxgety-icon.png?v=6362,PSU
Nguồn Jetek SWAT 650W 80 Plus Bronze + Dây Nguồn,Jetek,Nguồn Jetek SWAT 650W 80 Plus Bronze + Dây Nguồn,999000,https://theme.hstatic.net/200000420363/1001333448/14/appbuyxgety-icon.png?v=6362,PSU
Nguồn máy tính 350W Magic MG-350,Unknown,Nguồn máy tính 350W Magic MG-350,290000,https://theme.hstatic.net/200000420363/1001333448/14/appbuyxgety-icon.png?v=6362,PSU
"Nguồn máy tính ACER AC550 550W 80 Plus Bronze | Full Modular, ATX",Unknown,"Nguồn máy tính ACER AC550 550W 80 Plus Bronze | Full Modular, ATX",799000,https://theme.hstatic.net/200000420363/1001333448/14/appbuyxgety-icon.png?v=6362,PSU
"Nguồn máy tính ACER AC650 220V 650W 80 Plus Bronze | Full Modular, ATX",Unknown,"Nguồn máy tính ACER AC650 220V 650W 80 Plus Bronze | Full Modular, ATX",1360000,https://theme.hstatic.net/200000420363/1001333448/14/appbuyxgety-icon.png?v=6362,PSU
"Nguồn máy tính ACER AC650 650W 80 Plus Bronze | Full Modular, ATX",Unknown,"Nguồn máy tính ACER AC650 650W 80 Plus Bronze | Full Modular, ATX",1445000,https://theme.hstatic.net/200000420363/1001333448/14/appbuyxgety-icon.png?v=6362,PSU
"Nguồn máy tính ACER AC750 750W 80 Plus Bronze | Full Modular, ATX",Unknown,"Nguồn máy tính ACER AC750 750W 80 Plus Bronze | Full Modular, ATX",1635000,https://theme.hstatic.net/200000420363/1001333448/14/appbuyxgety-icon.png?v=6362,PSU
"Nguồn máy tính ACER AC750 Pcie 5.0 750W 80 Plus Bronze | Full Modular, ATX",Unknown,"Nguồn máy tính ACER AC750 Pcie 5.0 750W 80 Plus Bronze | Full Modular, ATX",1730000,https://theme.hstatic.net/200000420363/1001333448/14/appbuyxgety-icon.png?v=6362,PSU
"Nguồn máy tính ADATA XPG Core Shift 850W 80 Plus Gold | Full Modular, ATX",XPG,"Nguồn máy tính ADATA XPG Core Shift 850W 80 Plus Gold | Full Modular, ATX",2299000,https://theme.hstatic.net/200000420363/1001333448/14/appbuyxgety-icon.png?v=6362,PSU
"Nguồn máy tính AIGO CK650X Pro 650W 80 Plus Bronze | Non Modular, ATX",Unknown,"Nguồn máy tính AIGO CK650X Pro 650W 80 Plus Bronze | Non Modular, ATX",790000,https://theme.hstatic.net/200000420363/1001333448/14/appbuyxgety-icon.png?v=6362,PSU
"Nguồn máy tính ANTEC Atom Zen 500W | Non Modular, ATX",Antec,"Nguồn máy tính ANTEC Atom Zen 500W | Non Modular, ATX",639000,https://theme.hstatic.net/200000420363/1001333448/14/appbuyxgety-icon.png?v=6362,PSU
"Nguồn máy tính ANTEC Atom Zen 650W | Non Modular, ATX",Antec,"Nguồn máy tính ANTEC Atom Zen 650W | Non Modular, ATX",839000,https://theme.hstatic.net/200000420363/1001333448/14/appbuyxgety-icon.png?v=6362,PSU
"Nguồn máy tính ANTEC Atom Zen 700W | Non Modular, ATX",Antec,"Nguồn máy tính ANTEC Atom Zen 700W | Non Modular, ATX",989000,https://theme.hstatic.net/200000420363/1001333448/14/appbuyxgety-icon.png?v=6362,PSU
"Nguồn máy tính ANTEC Atom Zen 750W | Non Modular, ATX",Antec,"Nguồn máy tính ANTEC Atom Zen 750W | Non Modular, ATX",999000,https://theme.hstatic.net/200000420363/1001333448/14/appbuyxgety-icon.png?v=6362,PSU
"Nguồn máy tính ANTEC CSK1000 PRO EC 1000W 80 Plus Bronze | Non Modular, ATX",Antec,"Nguồn máy tính ANTEC CSK1000 PRO EC 1000W 80 Plus Bronze | Non Modular, ATX",2599000,https://theme.hstatic.net/200000420363/1001333448/14/appbuyxgety-icon.png?v=6362,PSU
"Nguồn máy tính ANTEC CSK650 650W 80 Plus Bronze | Non Modular, ATX",Antec,"Nguồn máy tính ANTEC CSK650 650W 80 Plus Bronze | Non Modular, ATX",1090000,https://theme.hstatic.net/200000420363/1001333448/14/appbuyxgety-icon.png?v=6362,PSU
"Nguồn máy tính ANTEC CSK750H 750W 80 Plus Bronze | Semi Modular, ATX",Antec,"Nguồn máy tính ANTEC CSK750H 750W 80 Plus Bronze | Semi Modular, ATX",1399000,https://theme.hstatic.net/200000420363/1001333448/14/appbuyxgety-icon.png?v=6362,PSU
"Nguồn máy tính ANTEC G650EC 650W 80 Plus Gold | Semi Modular, ATX",Antec,"Nguồn máy tính ANTEC G650EC 650W 80 Plus Gold | Semi Modular, ATX",1649000,https://theme.hstatic.net/200000420363/1001333448/14/appbuyxgety-icon.png?v=6362,PSU
"Nguồn máy tính ANTEC G750EC 750W 80 Plus Gold | Semi Modular, ATX",Antec,"Nguồn máy tính ANTEC G750EC 750W 80 Plus Gold | Semi Modular, ATX",1649000,https://theme.hstatic.net/200000420363/1001333448/14/appbuyxgety-icon.png?v=6362,PSU
"Nguồn máy tính ANTEC G850EC 850W 80 Plus Gold | Semi Modular, ATX",Antec,"Nguồn máy tính ANTEC G850EC 850W 80 Plus Gold | Semi Modular, ATX",1849000,https://theme.hstatic.net/200000420363/1001333448/14/appbuyxgety-icon.png?v=6362,PSU
"Nguồn máy tính ANTEC Meta V450 450W | Non Modular, ATX",Antec,"Nguồn máy tính ANTEC Meta V450 450W | Non Modular, ATX",549000,https://theme.hstatic.net/200000420363/1001333448/14/appbuyxgety-icon.png?v=6362,PSU
"Nguồn máy tính ANTEC NeoEco NE1300G 1300W 80 Plus Gold | Full Modular, ATX",Antec,"Nguồn máy tính ANTEC NeoEco NE1300G 1300W 80 Plus Gold | Full Modular, ATX",4499000,https://theme.hstatic.net/200000420363/1001333448/14/appbuyxgety-icon.png?v=6362,PSU
"Nguồn máy tính ANTEC SP1000 1000W 80 Plus Platinum | Full Modular, ATX",Antec,"Nguồn máy tính ANTEC SP1000 1000W 80 Plus Platinum | Full Modular, ATX",5399000,https://theme.hstatic.net/200000420363/1001333448/14/appbuyxgety-icon.png?v=6362,PSU
"Nguồn máy tính ANTEC SP1300EC 1300W 80 Plus Platinum | Full Modular, ATX",Antec,"Nguồn máy tính ANTEC SP1300EC 1300W 80 Plus Platinum | Full Modular, ATX",6499000,https://theme.hstatic.net/200000420363/1001333448/14/appbuyxgety-icon.png?v=6362,PSU
"Nguồn máy tính ASUS Prime 650W 80 Plus Bronze | Non Modular, ATX",ASUS,"Nguồn máy tính ASUS Prime 650W 80 Plus Bronze | Non Modular, ATX",1499000,https://theme.hstatic.net/200000420363/1001333448/14/appbuyxgety-icon.png?v=6362,PSU
"Nguồn máy tính ASUS Prime 750W 80 Plus Bronze | Non Modular, ATX",ASUS,"Nguồn máy tính ASUS Prime 750W 80 Plus Bronze | Non Modular, ATX",1699000,https://theme.hstatic.net/200000420363/1001333448/14/appbuyxgety-icon.png?v=6362,PSU
"Nguồn máy tính ASUS ROG Strix 1000W 80 Plus Platinum | Full Modular, ATX",ASUS,"Nguồn máy tính ASUS ROG Strix 1000W 80 Plus Platinum | Full Modular, ATX",6699000,https://theme.hstatic.net/200000420363/1001333448/14/appbuyxgety-icon.png?v=6362,PSU
"Nguồn máy tính ASUS ROG Thor 1200 Gen III 1200W 80 Plus Platinum | Full Modular, ATX",ASUS,"Nguồn máy tính ASUS ROG Thor 1200 Gen III 1200W 80 Plus Platinum | Full Modular, ATX",13799000,https://theme.hstatic.net/200000420363/1001333448/14/appbuyxgety-icon.png?v=6362,PSU
"Nguồn máy tính ASUS TUF Gaming Black 850W 80 Plus Gold | Full Modular, ATX",ASUS,"Nguồn máy tính ASUS TUF Gaming Black 850W 80 Plus Gold | Full Modular, ATX",3999000,https://theme.hstatic.net/200000420363/1001333448/14/appbuyxgety-icon.png?v=6362,PSU
"Nguồn máy tính BITCOIN LB2000W 2000W 80 Plus Gold | Non Modular, ATX",Unknown,"Nguồn máy tính BITCOIN LB2000W 2000W 80 Plus Gold | Non Modular, ATX",1290000,https://theme.hstatic.net/200000420363/1001333448/14/appbuyxgety-icon.png?v=6362,PSU
"Nguồn máy tính BITCOIN LX1800W 1800W | Non Modular, ATX",Unknown,"Nguồn máy tính BITCOIN LX1800W 1800W | Non Modular, ATX",1990000,https://theme.hstatic.net/200000420363/1001333448/14/appbuyxgety-icon.png?v=6362,PSU
"Nguồn máy tính BITCOIN LX2000W 2000W | Non Modular, ATX",Unknown,"Nguồn máy tính BITCOIN LX2000W 2000W | Non Modular, ATX",1901000,https://theme.hstatic.net/200000420363/1001333448/14/appbuyxgety-icon.png?v=6362,PSU
"Nguồn máy tính Camera OEM 400W | Non-Modular, ATX",Unknown,"Nguồn máy tính Camera OEM 400W | Non-Modular, ATX",185000,https://theme.hstatic.net/200000420363/1001333448/14/appbuyxgety-icon.png?v=6362,PSU
"Nguồn máy tính CENTAUR 750 750W | Non Modular, ATX",Unknown,"Nguồn máy tính CENTAUR 750 750W | Non Modular, ATX",899000,https://theme.hstatic.net/200000420363/1001333448/14/appbuyxgety-icon.png?v=6362,PSU
Nguồn máy tính Centaur CT Gaming 650W 80 Plus Bronze | ATX,Unknown,Nguồn máy tính Centaur CT Gaming 650W 80 Plus Bronze | ATX,849000,https://theme.hstatic.net/200000420363/1001333448/14/appbuyxgety-icon.png?v=6362,PSU
"Nguồn máy tính COOLER MASTER DPS-750AB-40 D 750W 80 Plus Platinum | Non Modular, ATX",Unknown,"Nguồn máy tính COOLER MASTER DPS-750AB-40 D 750W 80 Plus Platinum | Non Modular, ATX",1599000,https://theme.hstatic.net/200000420363/1001333448/14/appbuyxgety-icon.png?v=6362,PSU
"Nguồn máy tính COOLER MASTER Elite NEX 500 500W | Non Modular, ATX",Unknown,"Nguồn máy tính COOLER MASTER Elite NEX 500 500W | Non Modular, ATX",829000,https://theme.hstatic.net/200000420363/1001333448/14/appbuyxgety-icon.png?v=6362,PSU
"Nguồn máy tính COOLER MASTER Elite NEX 600 600W | Non Modular, ATX",Unknown,"Nguồn máy tính COOLER MASTER Elite NEX 600 600W | Non Modular, ATX",799000,https://theme.hstatic.net/200000420363/1001333448/14/appbuyxgety-icon.png?v=6362,PSU
"Nguồn máy tính COOLER MASTER Elite NEX 700 700W | Non Modular, ATX",Unknown,"Nguồn máy tính COOLER MASTER Elite NEX 700 700W | Non Modular, ATX",999000,https://theme.hstatic.net/200000420363/1001333448/14/appbuyxgety-icon.png?v=6362,PSU
"Nguồn máy tính COOLER MASTER Elite NEX 800 800W | Non Modular, ATX",Unknown,"Nguồn máy tính COOLER MASTER Elite NEX 800 800W | Non Modular, ATX",1179000,https://theme.hstatic.net/200000420363/1001333448/14/appbuyxgety-icon.png?v=6362,PSU
"Nguồn máy tính COOLER MASTER Elite Nex N400 400W | Non Modular, ATX",Unknown,"Nguồn máy tính COOLER MASTER Elite Nex N400 400W | Non Modular, ATX",699000,https://theme.hstatic.net/200000420363/1001333448/14/appbuyxgety-icon.png?v=6362,PSU
"Nguồn máy tính COOLER MASTER Elite Nex N500 500W | Non Modular, ATX",Unknown,"Nguồn máy tính COOLER MASTER Elite Nex N500 500W | Non Modular, ATX",789000,https://theme.hstatic.net/200000420363/1001333448/14/appbuyxgety-icon.png?v=6362,PSU
"Nguồn máy tính COOLER MASTER Elite Nex N600 600W | Non Modular, ATX",Unknown,"Nguồn máy tính COOLER MASTER Elite Nex N600 600W | Non Modular, ATX",899000,https://theme.hstatic.net/200000420363/1001333448/14/appbuyxgety-icon.png?v=6362,PSU
"Nguồn máy tính COOLER MASTER Elite Nex N700 700W | Non Modular, ATX",Unknown,"Nguồn máy tính COOLER MASTER Elite Nex N700 700W | Non Modular, ATX",1069000,https://theme.hstatic.net/200000420363/1001333448/14/appbuyxgety-icon.png?v=6362,PSU
"Nguồn máy tính Cooler Master Elite PC600 V3 600W 80 Plus White | Non-Modular, ATX",Unknown,"Nguồn máy tính Cooler Master Elite PC600 V3 600W 80 Plus White | Non-Modular, ATX",899000,https://theme.hstatic.net/200000420363/1001333448/14/appbuyxgety-icon.png?v=6362,PSU
"Nguồn máy tính COOLER MASTER G700 Gold 700W 80 Plus Gold | Non Modular, ATX",Unknown,"Nguồn máy tính COOLER MASTER G700 Gold 700W 80 Plus Gold | Non Modular, ATX",1699000,https://theme.hstatic.net/200000420363/1001333448/14/appbuyxgety-icon.png?v=6362,PSU
"Nguồn máy tính COOLER MASTER G800 Gold 800W 80 Plus Gold | Non Modular, ATX",Unknown,"Nguồn máy tính COOLER MASTER G800 Gold 800W 80 Plus Gold | Non Modular, ATX",1959000,https://theme.hstatic.net/200000420363/1001333448/14/appbuyxgety-icon.png?v=6362,PSU
"Nguồn máy tính COOLER MASTER GX-II 750 750W 80 Plus Gold | Full Modular, ATX",Unknown,"Nguồn máy tính COOLER MASTER GX-II 750 750W 80 Plus Gold | Full Modular, ATX",2299000,https://theme.hstatic.net/200000420363/1001333448/14/appbuyxgety-icon.png?v=6362,PSU
"Nguồn máy tính COOLER MASTER MWE 650 Bronze V3 650W 80 Plus Bronze | Non Modular, ATX",Cooler Master,"Nguồn máy tính COOLER MASTER MWE 650 Bronze V3 650W 80 Plus Bronze | Non Modular, ATX",1499000,https://theme.hstatic.net/200000420363/1001333448/14/appbuyxgety-icon.png?v=6362,PSU
"Nguồn máy tính COOLER MASTER MWE 650 Bronze V3 Black 650W 80 Plus Bronze | Non Modular, ATX",Cooler Master,"Nguồn máy tính COOLER MASTER MWE 650 Bronze V3 Black 650W 80 Plus Bronze | Non Modular, ATX",1349000,https://theme.hstatic.net/200000420363/1001333448/14/appbuyxgety-icon.png?v=6362,PSU
"Nguồn máy tính COOLER MASTER MWE 650 Gold V3 650W 80 Plus Gold | Non Modular, ATX 3.1",Cooler Master,"Nguồn máy tính COOLER MASTER MWE 650 Gold V3 650W 80 Plus Gold | Non Modular, ATX 3.1",1449000,https://theme.hstatic.net/200000420363/1001333448/14/appbuyxgety-icon.png?v=6362,PSU
"Nguồn máy tính COOLER MASTER MWE 650W White | Non Modular, ATX",Cooler Master,"Nguồn máy tính COOLER MASTER MWE 650W White | Non Modular, ATX",1190000,https://theme.hstatic.net/200000420363/1001333448/14/appbuyxgety-icon.png?v=6362,PSU
"Nguồn máy tính COOLER MASTER MWE 750 Bronze V3 750W 80 Plus Bronze | Non Modular, ATX",Cooler Master,"Nguồn máy tính COOLER MASTER MWE 750 Bronze V3 750W 80 Plus Bronze | Non Modular, ATX",1499000,https://theme.hstatic.net/200000420363/1001333448/14/appbuyxgety-icon.png?v=6362,PSU
"Nguồn máy tính COOLER MASTER MWE 750 Gold V3 750W 80 Plus Gold | Non Modular, ATX",Cooler Master,"Nguồn máy tính COOLER MASTER MWE 750 Gold V3 750W 80 Plus Gold | Non Modular, ATX",1849000,https://theme.hstatic.net/200000420363/1001333448/14/appbuyxgety-icon.png?v=6362,PSU
"Nguồn máy tính COOLER MASTER MWE 850 Gold V3 850W 80 Plus Gold | Non Modular, ATX",Cooler Master,"Nguồn máy tính COOLER MASTER MWE 850 Gold V3 850W 80 Plus Gold | Non Modular, ATX",1999000,https://theme.hstatic.net/200000420363/1001333448/14/appbuyxgety-icon.png?v=6362,PSU
"Nguồn máy tính COOLER MASTER MWE GOLD 1050 V2 Black 1050W 80 Plus Gold | Full Modular, ATX",Cooler Master,"Nguồn máy tính COOLER MASTER MWE GOLD 1050 V2 Black 1050W 80 Plus Gold | Full Modular, ATX",3750000,https://theme.hstatic.net/200000420363/1001333448/14/appbuyxgety-icon.png?v=6362,PSU
"Nguồn máy tính COOLER MASTER MWE GOLD 1050 V2 White 1050W 80 Plus Gold | Full Modular, ATX",Cooler Master,"Nguồn máy tính COOLER MASTER MWE GOLD 1050 V2 White 1050W 80 Plus Gold | Full Modular, ATX",3770000,https://theme.hstatic.net/200000420363/1001333448/14/appbuyxgety-icon.png?v=6362,PSU
"Nguồn máy tính COOLER MASTER MWE GOLD 1250 - V2 1250W 80 Plus Gold | Full Modular, ATX",Cooler Master,"Nguồn máy tính COOLER MASTER MWE GOLD 1250 - V2 1250W 80 Plus Gold | Full Modular, ATX",4779000,https://theme.hstatic.net/200000420363/1001333448/14/appbuyxgety-icon.png?v=6362,PSU
"Nguồn máy tính COOLER MASTER MWE Gold V3 ATX 3.1 850W 80 Plus Gold | Full Modular, ATX",Cooler Master,"Nguồn máy tính COOLER MASTER MWE Gold V3 ATX 3.1 850W 80 Plus Gold | Full Modular, ATX",2539000,https://theme.hstatic.net/200000420363/1001333448/14/appbuyxgety-icon.png?v=6362,PSU
"Nguồn máy tính COOLER MASTER V1300 Platinum V2 1300W 80 Plus Platinum | Full Modular, ATX",Unknown,"Nguồn máy tính COOLER MASTER V1300 Platinum V2 1300W 80 Plus Platinum | Full Modular, ATX",5699000,https://theme.hstatic.net/200000420363/1001333448/14/appbuyxgety-icon.png?v=6362,PSU
"Nguồn máy tính COOLER MASTER V1600W V2 1600W 80 Plus Platinum | Full Modular, ATX",Unknown,"Nguồn máy tính COOLER MASTER V1600W V2 1600W 80 Plus Platinum | Full Modular, ATX",7899000,https://theme.hstatic.net/200000420363/1001333448/14/appbuyxgety-icon.png?v=6362,PSU
"Nguồn máy tính CORSAIR CX550 550W 80 Plus Bronze | Non Modular, ATX",Corsair,"Nguồn máy tính CORSAIR CX550 550W 80 Plus Bronze | Non Modular, ATX",1199000,https://theme.hstatic.net/200000420363/1001333448/14/appbuyxgety-icon.png?v=6362,PSU
"Nguồn máy tính CORSAIR CX650 650W 80 Plus Bronze | Non Modular, ATX",Corsair,"Nguồn máy tính CORSAIR CX650 650W 80 Plus Bronze | Non Modular, ATX",1390000,https://theme.hstatic.net/200000420363/1001333448/14/appbuyxgety-icon.png?v=6362,PSU
"Nguồn máy tính CORSAIR CX750 750W 80 Plus Bronze | Non Modular, ATX",Corsair,"Nguồn máy tính CORSAIR CX750 750W 80 Plus Bronze | Non Modular, ATX",1599000,https://theme.hstatic.net/200000420363/1001333448/14/appbuyxgety-icon.png?v=6362,PSU
"Nguồn máy tính Corsair HX1500i 1500W 80 Plus Platinum | Full Modular, ATX",Corsair,"Nguồn máy tính Corsair HX1500i 1500W 80 Plus Platinum | Full Modular, ATX",9499000,https://theme.hstatic.net/200000420363/1001333448/14/appbuyxgety-icon.png?v=6362,PSU
"Nguồn máy tính CORSAIR RM1000E 1000W 80 Plus Gold | Full Modular, ATX",Corsair,"Nguồn máy tính CORSAIR RM1000E 1000W 80 Plus Gold | Full Modular, ATX",4299000,https://theme.hstatic.net/200000420363/1001333448/14/appbuyxgety-icon.png?v=6362,PSU
"Nguồn máy tính CORSAIR RM850E 850W 80 Plus Gold | Full Modular, ATX",Corsair,"Nguồn máy tính CORSAIR RM850E 850W 80 Plus Gold | Full Modular, ATX",2999000,https://theme.hstatic.net/200000420363/1001333448/14/appbuyxgety-icon.png?v=6362,PSU
"Nguồn máy tính CORSAIR SF1000L 1000W 80 Plus Gold | Full Modular, SFX",Corsair,"Nguồn máy tính CORSAIR SF1000L 1000W 80 Plus Gold | Full Modular, SFX",4490000,https://theme.hstatic.net/200000420363/1001333448/14/appbuyxgety-icon.png?v=6362,PSU
"Nguồn máy tính COUGAR GR 850 1000W 80 Plus Gold | Full Modular, ATX",Cougar,"Nguồn máy tính COUGAR GR 850 1000W 80 Plus Gold | Full Modular, ATX",2399000,https://theme.hstatic.net/200000420363/1001333448/14/appbuyxgety-icon.png?v=6362,PSU
"Nguồn máy tính DEEPCOOL PF550 550W | Non Modular, ATX",Deepcool,"Nguồn máy tính DEEPCOOL PF550 550W | Non Modular, ATX",849000,https://theme.hstatic.net/200000420363/1001333448/14/appbuyxgety-icon.png?v=6362,PSU
"Nguồn máy tính DEEPCOOL PL650D 650W 80 Plus Bronze | Non Modular, ATX",Deepcool,"Nguồn máy tính DEEPCOOL PL650D 650W 80 Plus Bronze | Non Modular, ATX",1139000,https://theme.hstatic.net/200000420363/1001333448/14/appbuyxgety-icon.png?v=6362,PSU
"Nguồn máy tính DEEPCOOL PL750D 750W 80 Plus Bronze | Non Modular, ATX",Deepcool,"Nguồn máy tính DEEPCOOL PL750D 750W 80 Plus Bronze | Non Modular, ATX",1339000,https://theme.hstatic.net/200000420363/1001333448/14/appbuyxgety-icon.png?v=6362,PSU
"Nguồn máy tính Deepcool PN850D 850W 80 Plus Gold | Non-Modular, ATX 3.1",Deepcool,"Nguồn máy tính Deepcool PN850D 850W 80 Plus Gold | Non-Modular, ATX 3.1",2190000,https://theme.hstatic.net/200000420363/1001333448/14/appbuyxgety-icon.png?v=6362,PSU
"Nguồn máy tính E-DRA EP901 230W | Non Modular, ATX",Unknown,"Nguồn máy tính E-DRA EP901 230W | Non Modular, ATX",289000,https://theme.hstatic.net/200000420363/1001333448/14/appbuyxgety-icon.png?v=6362,PSU
"Nguồn máy tính EVGA Supernova 650W GA 650W 80 Plus Gold | Full Modular, ATX",EVGA,"Nguồn máy tính EVGA Supernova 650W GA 650W 80 Plus Gold | Full Modular, ATX",1299000,https://theme.hstatic.net/200000420363/1001333448/14/appbuyxgety-icon.png?v=6362,PSU
"Nguồn máy tính EVGA Supernova 750W GA 750W 80 Plus Gold | Full Modular, ATX",EVGA,"Nguồn máy tính EVGA Supernova 750W GA 750W 80 Plus Gold | Full Modular, ATX",1499000,https://theme.hstatic.net/200000420363/1001333448/14/appbuyxgety-icon.png?v=6362,PSU
"Nguồn máy tính EVGA SuperNova 850W GA 850W 80 Plus Gold | Full Modular, ATX",EVGA,"Nguồn máy tính EVGA SuperNova 850W GA 850W 80 Plus Gold | Full Modular, ATX",1859000,https://theme.hstatic.net/200000420363/1001333448/14/appbuyxgety-icon.png?v=6362,PSU
"Nguồn máy tính FSP HV Pro 650W 80 Plus Bronze | Non Modular, ATX",FSP,"Nguồn máy tính FSP HV Pro 650W 80 Plus Bronze | Non Modular, ATX",1149000,https://theme.hstatic.net/200000420363/1001333448/14/appbuyxgety-icon.png?v=6362,PSU
"Nguồn máy tính FSP Hydro PTM X Pro 1200W 80 Plus Platinum | Full Modular, ATX",FSP,"Nguồn máy tính FSP Hydro PTM X Pro 1200W 80 Plus Platinum | Full Modular, ATX",4790000,https://theme.hstatic.net/200000420363/1001333448/14/appbuyxgety-icon.png?v=6362,PSU
"Nguồn máy tính FSP VITA 750BD 750W 80 Plus Bronze | Non Modular, ATX",FSP,"Nguồn máy tính FSP VITA 750BD 750W 80 Plus Bronze | Non Modular, ATX",1479000,https://theme.hstatic.net/200000420363/1001333448/14/appbuyxgety-icon.png?v=6362,PSU
"Nguồn máy tính FSP VITA 850BD 850W 80 Plus Bronze | Non Modular, ATX",FSP,"Nguồn máy tính FSP VITA 850BD 850W 80 Plus Bronze | Non Modular, ATX",1649000,https://theme.hstatic.net/200000420363/1001333448/14/appbuyxgety-icon.png?v=6362,PSU
"Nguồn máy tính FSP VITA 850GD 850W 80 Plus Gold | Non Modular, ATX",FSP,"Nguồn máy tính FSP VITA 850GD 850W 80 Plus Gold | Non Modular, ATX",2299000,https://theme.hstatic.net/200000420363/1001333448/14/appbuyxgety-icon.png?v=6362,PSU
"Nguồn máy tính GAMDIAS Aura GP550 550W 80 Plus White | Non Modular, ATX",Unknown,"Nguồn máy tính GAMDIAS Aura GP550 550W 80 Plus White | Non Modular, ATX",599000,https://theme.hstatic.net/200000420363/1001333448/14/appbuyxgety-icon.png?v=6362,PSU
"Nguồn máy tính GAMDIAS Aura GP650 650W 80 Plus White | Non Modular, ATX",Unknown,"Nguồn máy tính GAMDIAS Aura GP650 650W 80 Plus White | Non Modular, ATX",789000,https://theme.hstatic.net/200000420363/1001333448/14/appbuyxgety-icon.png?v=6362,PSU
"Nguồn máy tính GAMDIAS Aura GP750 750W 80 Plus White | Non Modular, ATX",Unknown,"Nguồn máy tính GAMDIAS Aura GP750 750W 80 Plus White | Non Modular, ATX",859000,https://theme.hstatic.net/200000420363/1001333448/14/appbuyxgety-icon.png?v=6362,PSU
"Nguồn máy tính Gigabyte GP-P1000GM 1000W 80 Plus Platinum | Full Modular, ATX",Gigabyte,"Nguồn máy tính Gigabyte GP-P1000GM 1000W 80 Plus Platinum | Full Modular, ATX",2650000,https://theme.hstatic.net/200000420363/1001333448/14/appbuyxgety-icon.png?v=6362,PSU
"Nguồn máy tính GIGABYTE GP-P550SS Black 550W 80 Plus Silver | Non Modular, ATX",Gigabyte,"Nguồn máy tính GIGABYTE GP-P550SS Black 550W 80 Plus Silver | Non Modular, ATX",899000,https://theme.hstatic.net/200000420363/1001333448/14/appbuyxgety-icon.png?v=6362,PSU
"Nguồn máy tính GIGABYTE GP-P550SS White 550W 80 Plus Silver | Non Modular, ATX",Gigabyte,"Nguồn máy tính GIGABYTE GP-P550SS White 550W 80 Plus Silver | Non Modular, ATX",949000,https://theme.hstatic.net/200000420363/1001333448/14/appbuyxgety-icon.png?v=6362,PSU
"Nguồn máy tính GIGABYTE GP-P650SS 650W 80 Plus Silver | Non Modular, ATX",Gigabyte,"Nguồn máy tính GIGABYTE GP-P650SS 650W 80 Plus Silver | Non Modular, ATX",1219000,https://theme.hstatic.net/200000420363/1001333448/14/appbuyxgety-icon.png?v=6362,PSU
"Nguồn máy tính GIGABYTE GP-P650SS ICE 650W 80 Plus Silver | Non Modular, ATX",Gigabyte,"Nguồn máy tính GIGABYTE GP-P650SS ICE 650W 80 Plus Silver | Non Modular, ATX",1239000,https://theme.hstatic.net/200000420363/1001333448/14/appbuyxgety-icon.png?v=6362,PSU
"Nguồn máy tính GIGABYTE GP-UD750GM 750W 80 Plus Gold | Full Modular, ATX",Gigabyte,"Nguồn máy tính GIGABYTE GP-UD750GM 750W 80 Plus Gold | Full Modular, ATX",2250000,https://theme.hstatic.net/200000420363/1001333448/14/appbuyxgety-icon.png?v=6362,PSU
"Nguồn máy tính Golden Field 500W 500W | Non-Modular, ATX",Golden Field,"Nguồn máy tính Golden Field 500W 500W | Non-Modular, ATX",250000,https://theme.hstatic.net/200000420363/1001333448/14/appbuyxgety-icon.png?v=6362,PSU
"Nguồn máy tính Golden Field Dragon ATX GTX680 600W | Non-Modular, ATX",Golden Field,"Nguồn máy tính Golden Field Dragon ATX GTX680 600W | Non-Modular, ATX",749000,https://theme.hstatic.net/200000420363/1001333448/14/appbuyxgety-icon.png?v=6362,PSU
"Nguồn máy tính HUNTKEY GX650 Pro 650W 80 Plus Bronze | Non Modular, ATX",Unknown,"Nguồn máy tính HUNTKEY GX650 Pro 650W 80 Plus Bronze | Non Modular, ATX",1049000,https://theme.hstatic.net/200000420363/1001333448/14/appbuyxgety-icon.png?v=6362,PSU
"Nguồn máy tính HUNTKEY GX750 Pro 800W 80 Plus Bronze | Non Modular, ATX",Unknown,"Nguồn máy tính HUNTKEY GX750 Pro 800W 80 Plus Bronze | Non Modular, ATX",1249000,https://theme.hstatic.net/200000420363/1001333448/14/appbuyxgety-icon.png?v=6362,PSU
"Nguồn máy tính JETEK G550 550W | Non Modular, ATX",Jetek,"Nguồn máy tính JETEK G550 550W | Non Modular, ATX",674000,https://theme.hstatic.net/200000420363/1001333448/14/appbuyxgety-icon.png?v=6362,PSU
"Nguồn máy tính JETEK NS400W 400W | Non Modular, ATX",Jetek,"Nguồn máy tính JETEK NS400W 400W | Non Modular, ATX",379000,https://theme.hstatic.net/200000420363/1001333448/14/appbuyxgety-icon.png?v=6362,PSU
"Nguồn máy tính JETEK NS500W 500W | Non Modular, ATX",Jetek,"Nguồn máy tính JETEK NS500W 500W | Non Modular, ATX",490000,https://theme.hstatic.net/200000420363/1001333448/14/appbuyxgety-icon.png?v=6362,PSU
"Nguồn máy tính JETEK ST550 V2 550W | Non Modular, ATX",Jetek,"Nguồn máy tính JETEK ST550 V2 550W | Non Modular, ATX",609000,https://theme.hstatic.net/200000420363/1001333448/14/appbuyxgety-icon.png?v=6362,PSU
"Nguồn máy tính JETEK ST650 650W | Non Modular, ATX",Jetek,"Nguồn máy tính JETEK ST650 650W | Non Modular, ATX",780000,https://theme.hstatic.net/200000420363/1001333448/14/appbuyxgety-icon.png?v=6362,PSU
"Nguồn máy tính JETEK ST750 750W | Non Modular, ATX",Jetek,"Nguồn máy tính JETEK ST750 750W | Non Modular, ATX",839000,https://theme.hstatic.net/200000420363/1001333448/14/appbuyxgety-icon.png?v=6362,PSU
"Nguồn máy tính LEOPARD BP650 650W 80 Plus Bronze | Non Modular, ATX",Unknown,"Nguồn máy tính LEOPARD BP650 650W 80 Plus Bronze | Non Modular, ATX",979000,https://theme.hstatic.net/200000420363/1001333448/14/appbuyxgety-icon.png?v=6362,PSU
"Nguồn máy tính LEOPARD BP750 750W 80 Plus Bronze | Non Modular, ATX",Unknown,"Nguồn máy tính LEOPARD BP750 750W 80 Plus Bronze | Non Modular, ATX",1199000,https://theme.hstatic.net/200000420363/1001333448/14/appbuyxgety-icon.png?v=6362,PSU
"Nguồn máy tính LEOPARD KP500 500W | Non Modular, ATX",Unknown,"Nguồn máy tính LEOPARD KP500 500W | Non Modular, ATX",669000,https://theme.hstatic.net/200000420363/1001333448/14/appbuyxgety-icon.png?v=6362,PSU
"Nguồn máy tính LEOPARD KP600 600W | Non Modular, ATX",Unknown,"Nguồn máy tính LEOPARD KP600 600W | Non Modular, ATX",729000,https://theme.hstatic.net/200000420363/1001333448/14/appbuyxgety-icon.png?v=6362,PSU
"Nguồn máy tính LEOPARD KP650 650W | Non Modular, ATX",Unknown,"Nguồn máy tính LEOPARD KP650 650W | Non Modular, ATX",799000,https://theme.hstatic.net/200000420363/1001333448/14/appbuyxgety-icon.png?v=6362,PSU
"Nguồn máy tính LEOPARD KP700 700W | Non Modular, ATX",Unknown,"Nguồn máy tính LEOPARD KP700 700W | Non Modular, ATX",879000,https://theme.hstatic.net/200000420363/1001333448/14/appbuyxgety-icon.png?v=6362,PSU
"Nguồn máy tính LEOPARD KP750 750W | Non Modular, ATX",Unknown,"Nguồn máy tính LEOPARD KP750 750W | Non Modular, ATX",909000,https://theme.hstatic.net/200000420363/1001333448/14/appbuyxgety-icon.png?v=6362,PSU
"Nguồn máy tính LEOPARD V430 430W | Non Modular, ATX",Unknown,"Nguồn máy tính LEOPARD V430 430W | Non Modular, ATX",209000,https://theme.hstatic.net/200000420363/1001333448/14/appbuyxgety-icon.png?v=6362,PSU
"Nguồn máy tính LIANLI EDGE Platinum Black 1300W 80 Plus Platinum | Full Modular, ATX",Unknown,"Nguồn máy tính LIANLI EDGE Platinum Black 1300W 80 Plus Platinum | Full Modular, ATX",5279000,https://theme.hstatic.net/200000420363/1001333448/14/appbuyxgety-icon.png?v=6362,PSU
"Nguồn máy tính LIANLI EDGE Platinum White 1300W 80 Plus Platinum | Full Modular, ATX",Unknown,"Nguồn máy tính LIANLI EDGE Platinum White 1300W 80 Plus Platinum | Full Modular, ATX",5499000,https://theme.hstatic.net/200000420363/1001333448/14/appbuyxgety-icon.png?v=6362,PSU
"Nguồn máy tính LIANLI EG850G 850W 80 Plus Gold | Full Modular, ATX",Unknown,"Nguồn máy tính LIANLI EG850G 850W 80 Plus Gold | Full Modular, ATX",2899000,https://theme.hstatic.net/200000420363/1001333448/14/appbuyxgety-icon.png?v=6362,PSU
"Nguồn máy tính LIANLI PSULLEG750B 750W 80 Plus Gold | Full Modular, ATX",Unknown,"Nguồn máy tính LIANLI PSULLEG750B 750W 80 Plus Gold | Full Modular, ATX",2499000,https://theme.hstatic.net/200000420363/1001333448/14/appbuyxgety-icon.png?v=6362,PSU
"Nguồn máy tính MIK C650B 650W 80 Plus Bronze | Semi Modular, ATX",Unknown,"Nguồn máy tính MIK C650B 650W 80 Plus Bronze | Semi Modular, ATX",999000,https://theme.hstatic.net/200000420363/1001333448/14/appbuyxgety-icon.png?v=6362,PSU
"Nguồn máy tính MIK C750B 750W 80 Plus Bronze | Full Modular, ATX",Unknown,"Nguồn máy tính MIK C750B 750W 80 Plus Bronze | Full Modular, ATX",1239000,https://theme.hstatic.net/200000420363/1001333448/14/appbuyxgety-icon.png?v=6362,PSU
"Nguồn máy tính MIK C850G 850W 80 Plus Gold | Full Modular, ATX",Unknown,"Nguồn máy tính MIK C850G 850W 80 Plus Gold | Full Modular, ATX",1639000,https://theme.hstatic.net/200000420363/1001333448/14/appbuyxgety-icon.png?v=6362,PSU
"Nguồn máy tính MSI A850GLS MLG EDITION 850W 80 Plus Gold | Full Modular, ATX",MSI,"Nguồn máy tính MSI A850GLS MLG EDITION 850W 80 Plus Gold | Full Modular, ATX",3340000,https://theme.hstatic.net/200000420363/1001333448/14/appbuyxgety-icon.png?v=6362,PSU
"Nguồn máy tính MSI MAG A1000GL 1000W 80 Plus Gold | Full Modular, ATX",MSI,"Nguồn máy tính MSI MAG A1000GL 1000W 80 Plus Gold | Full Modular, ATX",3899000,https://theme.hstatic.net/200000420363/1001333448/14/appbuyxgety-icon.png?v=6362,PSU
"Nguồn máy tính MSI MAG A500N-H 550W | Non Modular, ATX",MSI,"Nguồn máy tính MSI MAG A500N-H 550W | Non Modular, ATX",829000,https://theme.hstatic.net/200000420363/1001333448/14/appbuyxgety-icon.png?v=6362,PSU
"Nguồn máy tính MSI Mag A550BNL 550W 80 Plus Bronze | Non Modular, ATX",MSI,"Nguồn máy tính MSI Mag A550BNL 550W 80 Plus Bronze | Non Modular, ATX",1199000,https://theme.hstatic.net/200000420363/1001333448/14/appbuyxgety-icon.png?v=6362,PSU
"Nguồn máy tính MSI MAG A650BNL 650W 80 Plus Bronze | Non Modular, ATX",MSI,"Nguồn máy tính MSI MAG A650BNL 650W 80 Plus Bronze | Non Modular, ATX",1399000,https://theme.hstatic.net/200000420363/1001333448/14/appbuyxgety-icon.png?v=6362,PSU
"Nguồn máy tính MSI MAG A750GL 750W 80 Plus Gold | Full Modular, ATX",MSI,"Nguồn máy tính MSI MAG A750GL 750W 80 Plus Gold | Full Modular, ATX",2249000,https://theme.hstatic.net/200000420363/1001333448/14/appbuyxgety-icon.png?v=6362,PSU
"Nguồn máy tính MSI MAG A850GL 850W 80 Plus Gold | Full Modular, ATX",MSI,"Nguồn máy tính MSI MAG A850GL 850W 80 Plus Gold | Full Modular, ATX",3749000,https://theme.hstatic.net/200000420363/1001333448/14/appbuyxgety-icon.png?v=6362,PSU
"Nguồn máy tính NZXT C750W 750W 80 Plus Bronze | Non Modular, ATX",NZXT,"Nguồn máy tính NZXT C750W 750W 80 Plus Bronze | Non Modular, ATX",1499000,https://theme.hstatic.net/200000420363/1001333448/14/appbuyxgety-icon.png?v=6362,PSU
"Nguồn máy tính OCPC Energia 650W 80 Plus Bronze | Non Modular, ATX",Unknown,"Nguồn máy tính OCPC Energia 650W 80 Plus Bronze | Non Modular, ATX",1099000,https://theme.hstatic.net/200000420363/1001333448/14/appbuyxgety-icon.png?v=6362,PSU
"Nguồn máy tính OCPC Energia 650W | Non Modular, ATX",Unknown,"Nguồn máy tính OCPC Energia 650W | Non Modular, ATX",849000,https://theme.hstatic.net/200000420363/1001333448/14/appbuyxgety-icon.png?v=6362,PSU
"Nguồn máy tính OCPC Energia 750W 80 Plus Bronze | Non Modular, ATX",Unknown,"Nguồn máy tính OCPC Energia 750W 80 Plus Bronze | Non Modular, ATX",1299000,https://theme.hstatic.net/200000420363/1001333448/14/appbuyxgety-icon.png?v=6362,PSU
"Nguồn máy tính SEGOTEP AN650W Black 650W | Non Modular, ATX",Unknown,"Nguồn máy tính SEGOTEP AN650W Black 650W | Non Modular, ATX",959000,https://theme.hstatic.net/200000420363/1001333448/14/appbuyxgety-icon.png?v=6362,PSU
"Nguồn máy tính SEGOTEP AN650W White 650W | Non Modular, ATX",Unknown,"Nguồn máy tính SEGOTEP AN650W White 650W | Non Modular, ATX",1019000,https://theme.hstatic.net/200000420363/1001333448/14/appbuyxgety-icon.png?v=6362,PSU
"Nguồn máy tính SEGOTEP BN750W 750W 80 Plus Bronze | Non Modular, ATX",Unknown,"Nguồn máy tính SEGOTEP BN750W 750W 80 Plus Bronze | Non Modular, ATX",1329000,https://theme.hstatic.net/200000420363/1001333448/14/appbuyxgety-icon.png?v=6362,PSU
"Nguồn máy tính SEGOTEP GM 1250W 1250W 80 Plus Gold | Full Modular, ATX",Unknown,"Nguồn máy tính SEGOTEP GM 1250W 1250W 80 Plus Gold | Full Modular, ATX",3699000,https://theme.hstatic.net/200000420363/1001333448/14/appbuyxgety-icon.png?v=6362,PSU
"Nguồn máy tính SEGOTEP GM 850W Ape 850W 80 Plus Gold | Full Modular, ATX",Unknown,"Nguồn máy tính SEGOTEP GM 850W Ape 850W 80 Plus Gold | Full Modular, ATX",2299000,https://theme.hstatic.net/200000420363/1001333448/14/appbuyxgety-icon.png?v=6362,PSU
"Nguồn máy tính SEGOTEP GN850W 1000W 80 Plus Gold | Non Modular, ATX",Unknown,"Nguồn máy tính SEGOTEP GN850W 1000W 80 Plus Gold | Non Modular, ATX",1839000,https://theme.hstatic.net/200000420363/1001333448/14/appbuyxgety-icon.png?v=6362,PSU
"Nguồn máy tính Segotep KL1250G 1250W 80 Plus Gold | Full Modular, ATX 3.0",Unknown,"Nguồn máy tính Segotep KL1250G 1250W 80 Plus Gold | Full Modular, ATX 3.0",3900000,https://theme.hstatic.net/200000420363/1001333448/14/appbuyxgety-icon.png?v=6362,PSU
"Nguồn máy tính SEGOTEP Kunlun M750 White 750W 80 Plus Gold | Full Modular, SFX",Unknown,"Nguồn máy tính SEGOTEP Kunlun M750 White 750W 80 Plus Gold | Full Modular, SFX",2790000,https://theme.hstatic.net/200000420363/1001333448/14/appbuyxgety-icon.png?v=6362,PSU
"Nguồn máy tính SEGOTEP PM 850W 850W 80 Plus Platinum | Full Modular, ATX",Unknown,"Nguồn máy tính SEGOTEP PM 850W 850W 80 Plus Platinum | Full Modular, ATX",2499000,https://theme.hstatic.net/200000420363/1001333448/14/appbuyxgety-icon.png?v=6362,PSU
"Nguồn máy tính SEGOTEP Q-Power 350 350W | Non Modular, ATX",Unknown,"Nguồn máy tính SEGOTEP Q-Power 350 350W | Non Modular, ATX",349000,https://theme.hstatic.net/200000420363/1001333448/14/appbuyxgety-icon.png?v=6362,PSU
"Nguồn máy tính SEGOTEP SGD600A 500W | Non Modular, ATX",Unknown,"Nguồn máy tính SEGOTEP SGD600A 500W | Non Modular, ATX",599000,https://theme.hstatic.net/200000420363/1001333448/14/appbuyxgety-icon.png?v=6362,PSU
"Nguồn máy tính SEGOTEP U6+ 650W | Non Modular, ATX",Unknown,"Nguồn máy tính SEGOTEP U6+ 650W | Non Modular, ATX",899000,https://theme.hstatic.net/200000420363/1001333448/14/appbuyxgety-icon.png?v=6362,PSU
"Nguồn máy tính SHARKOON SHP Bronze 700W 80 Plus Bronze | Non Modular, ATX",Unknown,"Nguồn máy tính SHARKOON SHP Bronze 700W 80 Plus Bronze | Non Modular, ATX",1039000,https://theme.hstatic.net/200000420363/1001333448/14/appbuyxgety-icon.png?v=6362,PSU
"Nguồn máy tính SilverStone Attis 750r 750W 80 Plus Bronze (SST-AT750R-BF) | Non-Modular, ATX",SilverStone,"Nguồn máy tính SilverStone Attis 750r 750W 80 Plus Bronze (SST-AT750R-BF) | Non-Modular, ATX",1439000,https://theme.hstatic.net/200000420363/1001333448/14/appbuyxgety-icon.png?v=6362,PSU
"Nguồn máy tính SILVERSTONE SST-ET650-B 650W 80 Plus Bronze | Non Modular, ATX",SilverStone,"Nguồn máy tính SILVERSTONE SST-ET650-B 650W 80 Plus Bronze | Non Modular, ATX",1260000,https://theme.hstatic.net/200000420363/1001333448/14/appbuyxgety-icon.png?v=6362,PSU
"Nguồn máy tính SilverStone TR1000R GM 1000W 80 Plus Gold | Full Modular, ATX, Đen",SilverStone,"Nguồn máy tính SilverStone TR1000R GM 1000W 80 Plus Gold | Full Modular, ATX, Đen",6199000,https://theme.hstatic.net/200000420363/1001333448/14/appbuyxgety-icon.png?v=6362,PSU
"Nguồn máy tính Super Flower Flower Leadex III Gold ARGB 850W Black 750W 80 Plus Gold | Full Modular, ATX 3.0",Super Flower,"Nguồn máy tính Super Flower Flower Leadex III Gold ARGB 850W Black 750W 80 Plus Gold | Full Modular, ATX 3.0",2990000,https://theme.hstatic.net/200000420363/1001333448/14/appbuyxgety-icon.png?v=6362,PSU
"Nguồn máy tính Super Flower Flower Leadex III Gold ARGB 850W White 80 Plus Gold | Full Modular, ATX 3.0",Super Flower,"Nguồn máy tính Super Flower Flower Leadex III Gold ARGB 850W White 80 Plus Gold | Full Modular, ATX 3.0",3450000,https://theme.hstatic.net/200000420363/1001333448/14/appbuyxgety-icon.png?v=6362,PSU
"Nguồn máy tính Super Flower Leadex VI Pro Platinum 1000W 80 Plus Gold | Full Modular, ATX 3.0",Super Flower,"Nguồn máy tính Super Flower Leadex VI Pro Platinum 1000W 80 Plus Gold | Full Modular, ATX 3.0",5150000,https://theme.hstatic.net/200000420363/1001333448/14/appbuyxgety-icon.png?v=6362,PSU
"Nguồn máy tính SUPER FLOWER SF-1600F14HT 1600W 80 Plus Titanium | Full Modular, ATX",Super Flower,"Nguồn máy tính SUPER FLOWER SF-1600F14HT 1600W 80 Plus Titanium | Full Modular, ATX",9999000,https://theme.hstatic.net/200000420363/1001333448/14/appbuyxgety-icon.png?v=6362,PSU
"Nguồn máy tính SUPER FLOWER SF-850Z12FG / Zillion FG Gold 850W 850W 80 Plus Gold | Full Modular, ATX",Super Flower,"Nguồn máy tính SUPER FLOWER SF-850Z12FG / Zillion FG Gold 850W 850W 80 Plus Gold | Full Modular, ATX",2449000,https://theme.hstatic.net/200000420363/1001333448/14/appbuyxgety-icon.png?v=6362,PSU
"Nguồn máy tính SUPERFLOWER Leadex 1600W 80 Plus Platinum | Full Modular, ATX",Super Flower,"Nguồn máy tính SUPERFLOWER Leadex 1600W 80 Plus Platinum | Full Modular, ATX",8190000,https://theme.hstatic.net/200000420363/1001333448/14/appbuyxgety-icon.png?v=6362,PSU
"Nguồn máy tính SUPERFLOWER Leadex III Black 850W 80 Plus Gold | Full Modular, ATX",Super Flower,"Nguồn máy tính SUPERFLOWER Leadex III Black 850W 80 Plus Gold | Full Modular, ATX",2899000,https://theme.hstatic.net/200000420363/1001333448/14/appbuyxgety-icon.png?v=6362,PSU
"Nguồn máy tính SUPERFLOWER Leadex SE 1000W 80 Plus Platinum | Full Modular, ATX",Super Flower,"Nguồn máy tính SUPERFLOWER Leadex SE 1000W 80 Plus Platinum | Full Modular, ATX",4790000,https://theme.hstatic.net/200000420363/1001333448/14/appbuyxgety-icon.png?v=6362,PSU
"Nguồn máy tính SUPERFLOWER Leadex VII 850W 80 Plus Gold | Full Modular, ATX",Super Flower,"Nguồn máy tính SUPERFLOWER Leadex VII 850W 80 Plus Gold | Full Modular, ATX",3449000,https://theme.hstatic.net/200000420363/1001333448/14/appbuyxgety-icon.png?v=6362,PSU
"Nguồn máy tính SUPERFLOWER LEADEX VII Platinum PRO Black 1000W 80 Plus Platinum | Full Modular, ATX",Super Flower,"Nguồn máy tính SUPERFLOWER LEADEX VII Platinum PRO Black 1000W 80 Plus Platinum | Full Modular, ATX",5099000,https://theme.hstatic.net/200000420363/1001333448/14/appbuyxgety-icon.png?v=6362,PSU
"Nguồn máy tính SUPERFLOWER LEADEX VII Platinum PRO White 1000W 80 Plus Platinum | Full Modular, ATX",Super Flower,"Nguồn máy tính SUPERFLOWER LEADEX VII Platinum PRO White 1000W 80 Plus Platinum | Full Modular, ATX",5199000,https://theme.hstatic.net/200000420363/1001333448/14/appbuyxgety-icon.png?v=6362,PSU
"Nguồn máy tính SUPERFLOWER Leadex VII XG 1000W 80 Plus Gold | Full Modular, ATX",Super Flower,"Nguồn máy tính SUPERFLOWER Leadex VII XG 1000W 80 Plus Gold | Full Modular, ATX",4199000,https://theme.hstatic.net/200000420363/1001333448/14/appbuyxgety-icon.png?v=6362,PSU
"Nguồn máy tính SUPERFLOWER Leadex VII XG 1000W 80 PLUS Gold | Full Modular, ATX 3.1",Super Flower,"Nguồn máy tính SUPERFLOWER Leadex VII XG 1000W 80 PLUS Gold | Full Modular, ATX 3.1",4299000,https://theme.hstatic.net/200000420363/1001333448/14/appbuyxgety-icon.png?v=6362,PSU
"Nguồn máy tính SUPERFLOWER Leadex VII XG 1300W 80 Plus Gold | Full Modular, ATX",Super Flower,"Nguồn máy tính SUPERFLOWER Leadex VII XG 1300W 80 Plus Gold | Full Modular, ATX",4999000,https://theme.hstatic.net/200000420363/1001333448/14/appbuyxgety-icon.png?v=6362,PSU
"Nguồn máy tính SUPERFLOWER Zillion Bronze 650W 80 Plus Bronze | Non Modular, ATX",Super Flower,"Nguồn máy tính SUPERFLOWER Zillion Bronze 650W 80 Plus Bronze | Non Modular, ATX",1199000,https://theme.hstatic.net/200000420363/1001333448/14/appbuyxgety-icon.png?v=6362,PSU
"Nguồn máy tính SUPERFLOWER Zillion DB 750W 80 Plus Bronze | Non Modular, ATX",Super Flower,"Nguồn máy tính SUPERFLOWER Zillion DB 750W 80 Plus Bronze | Non Modular, ATX",1599000,https://theme.hstatic.net/200000420363/1001333448/14/appbuyxgety-icon.png?v=6362,PSU
"Nguồn máy tính THERMALRIGHT KG-650 Black 650W 80 Plus Gold | Full Modular, ATX",Unknown,"Nguồn máy tính THERMALRIGHT KG-650 Black 650W 80 Plus Gold | Full Modular, ATX",1499000,https://theme.hstatic.net/200000420363/1001333448/14/appbuyxgety-icon.png?v=6362,PSU
"Nguồn máy tính THERMALRIGHT KG-650 White 650W 80 Plus Gold | Full Modular, ATX",Unknown,"Nguồn máy tính THERMALRIGHT KG-650 White 650W 80 Plus Gold | Full Modular, ATX",1539000,https://theme.hstatic.net/200000420363/1001333448/14/appbuyxgety-icon.png?v=6362,PSU
"Nguồn máy tính THERMALRIGHT KG-750 Black 750W 80 Plus Gold | Full Modular, ATX",Unknown,"Nguồn máy tính THERMALRIGHT KG-750 Black 750W 80 Plus Gold | Full Modular, ATX",1739000,https://theme.hstatic.net/200000420363/1001333448/14/appbuyxgety-icon.png?v=6362,PSU
"Nguồn máy tính THERMALRIGHT KG-750 White 750W 80 Plus Gold | Full Modular, ATX",Unknown,"Nguồn máy tính THERMALRIGHT KG-750 White 750W 80 Plus Gold | Full Modular, ATX",1829000,https://theme.hstatic.net/200000420363/1001333448/14/appbuyxgety-icon.png?v=6362,PSU
"Nguồn máy tính THERMALRIGHT KG-850 850W 80 Plus Gold | Full Modular, ATX",Unknown,"Nguồn máy tính THERMALRIGHT KG-850 850W 80 Plus Gold | Full Modular, ATX",1899000,https://theme.hstatic.net/200000420363/1001333448/14/appbuyxgety-icon.png?v=6362,PSU
"Nguồn máy tính THERMALRIGHT KG-850-W 850W 80 Plus Gold | Full Modular, ATX",Unknown,"Nguồn máy tính THERMALRIGHT KG-850-W 850W 80 Plus Gold | Full Modular, ATX",2049000,https://theme.hstatic.net/200000420363/1001333448/14/appbuyxgety-icon.png?v=6362,PSU
"Nguồn máy tính THERMALRIGHT SFX TGFX Black 750W 80 Plus Gold | Full Modular, SFX",Unknown,"Nguồn máy tính THERMALRIGHT SFX TGFX Black 750W 80 Plus Gold | Full Modular, SFX",2249000,https://theme.hstatic.net/200000420363/1001333448/14/appbuyxgety-icon.png?v=6362,PSU
"Nguồn máy tính THERMALRIGHT SFX TGFX White 750W 80 Plus Gold | Full Modular, SFX",Unknown,"Nguồn máy tính THERMALRIGHT SFX TGFX White 750W 80 Plus Gold | Full Modular, SFX",2299000,https://theme.hstatic.net/200000420363/1001333448/14/appbuyxgety-icon.png?v=6362,PSU
"Nguồn máy tính Thermalright SGFX 650W 80 Plus Gold | Full Modular, SFX",Unknown,"Nguồn máy tính Thermalright SGFX 650W 80 Plus Gold | Full Modular, SFX",1999000,https://theme.hstatic.net/200000420363/1001333448/14/appbuyxgety-icon.png?v=6362,PSU
"Nguồn máy tính THERMALRIGHT SGFX 850W Black 850W 80 Plus Gold | Full Modular, SFX",Unknown,"Nguồn máy tính THERMALRIGHT SGFX 850W Black 850W 80 Plus Gold | Full Modular, SFX",2499000,https://theme.hstatic.net/200000420363/1001333448/14/appbuyxgety-icon.png?v=6362,PSU
"Nguồn máy tính THERMALRIGHT SGFX 850W White 80 Plus Gold | Full Modular, SFX",Unknown,"Nguồn máy tính THERMALRIGHT SGFX 850W White 80 Plus Gold | Full Modular, SFX",2599000,https://theme.hstatic.net/200000420363/1001333448/14/appbuyxgety-icon.png?v=6362,PSU
"Nguồn máy tính THERMALRIGHT TB-550S 550W 80 Plus Bronze | Non Modular, ATX",Unknown,"Nguồn máy tính THERMALRIGHT TB-550S 550W 80 Plus Bronze | Non Modular, ATX",859000,https://theme.hstatic.net/200000420363/1001333448/14/appbuyxgety-icon.png?v=6362,PSU
"Nguồn máy tính THERMALRIGHT TB-650 650W 80 Plus Bronze | Full Modular, ATX",Unknown,"Nguồn máy tính THERMALRIGHT TB-650 650W 80 Plus Bronze | Full Modular, ATX",1219000,https://theme.hstatic.net/200000420363/1001333448/14/appbuyxgety-icon.png?v=6362,PSU
"Nguồn máy tính THERMALRIGHT TB-650S 650W 80 Plus Bronze | Non Modular, ATX",Unknown,"Nguồn máy tính THERMALRIGHT TB-650S 650W 80 Plus Bronze | Non Modular, ATX",1099000,https://theme.hstatic.net/200000420363/1001333448/14/appbuyxgety-icon.png?v=6362,PSU
"Nguồn máy tính THERMALRIGHT TB-750 750W 80 Plus Bronze | Full Modular, ATX",Unknown,"Nguồn máy tính THERMALRIGHT TB-750 750W 80 Plus Bronze | Full Modular, ATX",1479000,https://theme.hstatic.net/200000420363/1001333448/14/appbuyxgety-icon.png?v=6362,PSU
"Nguồn máy tính THERMALRIGHT TB-750S 750W 80 Plus Bronze | Non Modular, ATX",Unknown,"Nguồn máy tính THERMALRIGHT TB-750S 750W 80 Plus Bronze | Non Modular, ATX",1290000,https://theme.hstatic.net/200000420363/1001333448/14/appbuyxgety-icon.png?v=6362,PSU
"Nguồn máy tính THERMALRIGHT TB-850 850W 80 Plus Bronze | Full Modular, ATX",Unknown,"Nguồn máy tính THERMALRIGHT TB-850 850W 80 Plus Bronze | Full Modular, ATX",1599000,https://theme.hstatic.net/200000420363/1001333448/14/appbuyxgety-icon.png?v=6362,PSU
"Nguồn máy tính THERMALRIGHT TB-850S 850W 80 Plus Bronze | Non Modular, ATX",Unknown,"Nguồn máy tính THERMALRIGHT TB-850S 850W 80 Plus Bronze | Non Modular, ATX",1459000,https://theme.hstatic.net/200000420363/1001333448/14/appbuyxgety-icon.png?v=6362,PSU
"Nguồn máy tính THERMALRIGHT TG-750S Gold 750W 80 Plus Gold | Non Modular, ATX",Unknown,"Nguồn máy tính THERMALRIGHT TG-750S Gold 750W 80 Plus Gold | Non Modular, ATX",1749000,https://theme.hstatic.net/200000420363/1001333448/14/appbuyxgety-icon.png?v=6362,PSU
"Nguồn máy tính THERMALRIGHT TG1000 Black 1000W 80 Plus Gold | Full Modular, ATX",Unknown,"Nguồn máy tính THERMALRIGHT TG1000 Black 1000W 80 Plus Gold | Full Modular, ATX",2690000,https://theme.hstatic.net/200000420363/1001333448/14/appbuyxgety-icon.png?v=6362,PSU
"Nguồn máy tính THERMALRIGHT TG1000 White 1000W 80 Plus Gold | Full Modular, ATX",Unknown,"Nguồn máy tính THERMALRIGHT TG1000 White 1000W 80 Plus Gold | Full Modular, ATX",2699000,https://theme.hstatic.net/200000420363/1001333448/14/appbuyxgety-icon.png?v=6362,PSU
"Nguồn máy tính THERMALRIGHT TG1200 Black 1200W 80 Plus Gold | Full Modular, ATX",Unknown,"Nguồn máy tính THERMALRIGHT TG1200 Black 1200W 80 Plus Gold | Full Modular, ATX",2899000,https://theme.hstatic.net/200000420363/1001333448/14/appbuyxgety-icon.png?v=6362,PSU
"Nguồn máy tính THERMALRIGHT TG1200 White 1200W 80 Plus Gold | Full Modular, ATX",Unknown,"Nguồn máy tính THERMALRIGHT TG1200 White 1200W 80 Plus Gold | Full Modular, ATX",2899000,https://theme.hstatic.net/200000420363/1001333448/14/appbuyxgety-icon.png?v=6362,PSU
"Nguồn máy tính THERMALRIGHT TG650 650W 80 Plus Gold | Full Modular, ATX",Unknown,"Nguồn máy tính THERMALRIGHT TG650 650W 80 Plus Gold | Full Modular, ATX",1490000,https://theme.hstatic.net/200000420363/1001333448/14/appbuyxgety-icon.png?v=6362,PSU
"Nguồn máy tính THERMALRIGHT TG850 850W 80 Plus Gold | Full Modular, ATX",Unknown,"Nguồn máy tính THERMALRIGHT TG850 850W 80 Plus Gold | Full Modular, ATX",2190000,https://theme.hstatic.net/200000420363/1001333448/14/appbuyxgety-icon.png?v=6362,PSU
"Nguồn máy tính THERMALRIGHT TG850-W 850W 80 Plus Gold | Full Modular, ATX",Unknown,"Nguồn máy tính THERMALRIGHT TG850-W 850W 80 Plus Gold | Full Modular, ATX",2250000,https://theme.hstatic.net/200000420363/1001333448/14/appbuyxgety-icon.png?v=6362,PSU
"Nguồn máy tính THERMALRIGHT TP1000 1000W 80 Plus Platinum | Full Modular, ATX",Unknown,"Nguồn máy tính THERMALRIGHT TP1000 1000W 80 Plus Platinum | Full Modular, ATX",3180000,https://theme.hstatic.net/200000420363/1001333448/14/appbuyxgety-icon.png?v=6362,PSU
"Nguồn máy tính Thermalright TR SGFX White 650W 80 Plus Gold | Full Modular, SFX",Unknown,"Nguồn máy tính Thermalright TR SGFX White 650W 80 Plus Gold | Full Modular, SFX",2099000,https://theme.hstatic.net/200000420363/1001333448/14/appbuyxgety-icon.png?v=6362,PSU
"Nguồn máy tính THERMALTAKE Litepower 650W | Non Modular, ATX",Thermaltake,"Nguồn máy tính THERMALTAKE Litepower 650W | Non Modular, ATX",990000,https://theme.hstatic.net/200000420363/1001333448/14/appbuyxgety-icon.png?v=6362,PSU
"Nguồn máy tính THERMALTAKE Toughpower GF A3 1050W 80 Plus Gold | Full Modular, ATX",Thermaltake,"Nguồn máy tính THERMALTAKE Toughpower GF A3 1050W 80 Plus Gold | Full Modular, ATX",3890000,https://theme.hstatic.net/200000420363/1001333448/14/appbuyxgety-icon.png?v=6362,PSU
"Nguồn máy tính THERMALTAKE Toughpower GF A3 850W 80 Plus Gold | Full Modular, ATX",Thermaltake,"Nguồn máy tính THERMALTAKE Toughpower GF A3 850W 80 Plus Gold | Full Modular, ATX",3040000,https://theme.hstatic.net/200000420363/1001333448/14/appbuyxgety-icon.png?v=6362,PSU
"Nguồn máy tính THERMALTAKE Toughpower GF3 1350W 80 Plus Gold | Full Modular, ATX",Thermaltake,"Nguồn máy tính THERMALTAKE Toughpower GF3 1350W 80 Plus Gold | Full Modular, ATX",5999000,https://theme.hstatic.net/200000420363/1001333448/14/appbuyxgety-icon.png?v=6362,PSU
"Nguồn máy tính THERMALTAKE Toughpower GF3 1650W 80 Plus Gold | Full Modular, ATX",Thermaltake,"Nguồn máy tính THERMALTAKE Toughpower GF3 1650W 80 Plus Gold | Full Modular, ATX",7699000,https://theme.hstatic.net/200000420363/1001333448/14/appbuyxgety-icon.png?v=6362,PSU
"Nguồn máy tính THERMALTAKE Toughpower GT 1200W 80 Plus Gold | Full Modular, ATX",Thermaltake,"Nguồn máy tính THERMALTAKE Toughpower GT 1200W 80 Plus Gold | Full Modular, ATX",3799000,https://theme.hstatic.net/200000420363/1001333448/14/appbuyxgety-icon.png?v=6362,PSU
"Nguồn máy tính THERMALTAKE Toughpower GT Black 850W 80 Plus Gold | Full Modular, ATX",Thermaltake,"Nguồn máy tính THERMALTAKE Toughpower GT Black 850W 80 Plus Gold | Full Modular, ATX",2499000,https://theme.hstatic.net/200000420363/1001333448/14/appbuyxgety-icon.png?v=6362,PSU
"Nguồn máy tính THERMALTAKE Toughpower GT Snow 850W 80 Plus Gold | Full Modular, ATX",Thermaltake,"Nguồn máy tính THERMALTAKE Toughpower GT Snow 850W 80 Plus Gold | Full Modular, ATX",2599000,https://theme.hstatic.net/200000420363/1001333448/14/appbuyxgety-icon.png?v=6362,PSU
"Nguồn máy tính VSP Delta P450 450W | Non Modular, ATX",VSP,"Nguồn máy tính VSP Delta P450 450W | Non Modular, ATX",480000,https://theme.hstatic.net/200000420363/1001333448/14/appbuyxgety-icon.png?v=6362,PSU
"Nguồn máy tính VSP Elite V600P Black 600W | Non Modular, ATX",VSP,"Nguồn máy tính VSP Elite V600P Black 600W | Non Modular, ATX",649000,https://theme.hstatic.net/200000420363/1001333448/14/appbuyxgety-icon.png?v=6362,PSU
"Nguồn máy tính VSP Elite V600P White 600W | Non Modular, ATX",VSP,"Nguồn máy tính VSP Elite V600P White 600W | Non Modular, ATX",679000,https://theme.hstatic.net/200000420363/1001333448/14/appbuyxgety-icon.png?v=6362,PSU
"Nguồn máy tính VSP NS350 350W | Non Modular, ATX",VSP,"Nguồn máy tính VSP NS350 350W | Non Modular, ATX",339000,https://theme.hstatic.net/200000420363/1001333448/14/appbuyxgety-icon.png?v=6362,PSU
"Nguồn máy tính VSP VGP Bronze 650W 80 Plus Bronze | Non Modular, ATX",VSP,"Nguồn máy tính VSP VGP Bronze 650W 80 Plus Bronze | Non Modular, ATX",1089000,https://theme.hstatic.net/200000420363/1001333448/14/appbuyxgety-icon.png?v=6362,PSU
"Nguồn máy tính VSP VGP Pro 650W 80 Plus Bronze | Non Modular, ATX",VSP,"Nguồn máy tính VSP VGP Pro 650W 80 Plus Bronze | Non Modular, ATX",869000,https://theme.hstatic.net/200000420363/1001333448/14/appbuyxgety-icon.png?v=6362,PSU
"Nguồn máy tính VSP VGP Pro 750W 80 Plus Bronze | Non Modular, ATX",VSP,"Nguồn máy tính VSP VGP Pro 750W 80 Plus Bronze | Non Modular, ATX",1049000,https://theme.hstatic.net/200000420363/1001333448/14/appbuyxgety-icon.png?v=6362,PSU
"Nguồn máy tính VSP VGP550 550W 80 Plus Bronze | Non-Modular, ATX",VSP,"Nguồn máy tính VSP VGP550 550W 80 Plus Bronze | Non-Modular, ATX",979000,https://theme.hstatic.net/200000420363/1001333448/14/appbuyxgety-icon.png?v=6362,PSU
"Nguồn máy tính VSP VSP-2000W 2000W | Non Modular, ATX",VSP,"Nguồn máy tính VSP VSP-2000W 2000W | Non Modular, ATX",1546000,https://theme.hstatic.net/200000420363/1001333448/14/appbuyxgety-icon.png?v=6362,PSU
"Nguồn máy tính VSP VXP 650W 650W 80 Plus Gold | Full Modular, ATX",VSP,"Nguồn máy tính VSP VXP 650W 650W 80 Plus Gold | Full Modular, ATX",1399000,https://theme.hstatic.net/200000420363/1001333448/14/appbuyxgety-icon.png?v=6362,PSU
"Nguồn máy tính VSP VXP 750W 80 Plus Gold | Full Modular, ATX",VSP,"Nguồn máy tính VSP VXP 750W 80 Plus Gold | Full Modular, ATX",1599000,https://theme.hstatic.net/200000420363/1001333448/14/appbuyxgety-icon.png?v=6362,PSU
"Nguồn máy tính VSP VXP SGVN 850W 80 Plus Gold | Full Modular, ATX",VSP,"Nguồn máy tính VSP VXP SGVN 850W 80 Plus Gold | Full Modular, ATX",1849000,https://theme.hstatic.net/200000420363/1001333448/14/appbuyxgety-icon.png?v=6362,PSU
"Nguồn máy tính VSP VXP TGD V2 850W 80 Plus Gold | Full Modular, ATX",VSP,"Nguồn máy tính VSP VXP TGD V2 850W 80 Plus Gold | Full Modular, ATX",2149000,https://theme.hstatic.net/200000420363/1001333448/14/appbuyxgety-icon.png?v=6362,PSU
"Nguồn máy tính VSP VXP1000 V2 1000W 80 Plus Gold | Full Modular, ATX",VSP,"Nguồn máy tính VSP VXP1000 V2 1000W 80 Plus Gold | Full Modular, ATX",2399000,https://theme.hstatic.net/200000420363/1001333448/14/appbuyxgety-icon.png?v=6362,PSU
"Nguồn máy tính XIGMATEK Hyper H750 750W 80 Plus Bronze | Non Modular, ATX",Unknown,"Nguồn máy tính XIGMATEK Hyper H750 750W 80 Plus Bronze | Non Modular, ATX",1099000,https://theme.hstatic.net/200000420363/1001333448/14/appbuyxgety-icon.png?v=6362,PSU
"Nguồn máy tính XIGMATEK LitePower i350 350W | Non Modular, ATX",Unknown,"Nguồn máy tính XIGMATEK LitePower i350 350W | Non Modular, ATX",339000,https://theme.hstatic.net/200000420363/1001333448/14/appbuyxgety-icon.png?v=6362,PSU
"Nguồn máy tính XIGMATEK Polima M12-600 600W 80 Plus Bronze | Semi Modular, ATX",Unknown,"Nguồn máy tính XIGMATEK Polima M12-600 600W 80 Plus Bronze | Semi Modular, ATX",279000,https://theme.hstatic.net/200000420363/1001333448/14/appbuyxgety-icon.png?v=6362,PSU
"Nguồn máy tính XIGMATEK Prime M Pro 1000W 80 Plus Gold | Full Modular, ATX",Unknown,"Nguồn máy tính XIGMATEK Prime M Pro 1000W 80 Plus Gold | Full Modular, ATX",2249000,https://theme.hstatic.net/200000420363/1001333448/14/appbuyxgety-icon.png?v=6362,PSU
"Nguồn máy tính XIGMATEK Thor T650 V3 650W 80 Plus Bronze | Non Modular, ATX",Unknown,"Nguồn máy tính XIGMATEK Thor T650 V3 650W 80 Plus Bronze | Non Modular, ATX",1299000,https://theme.hstatic.net/200000420363/1001333448/14/appbuyxgety-icon.png?v=6362,PSU
"Nguồn máy tính XIGMATEK X-Power III 350 350W | Non Modular, ATX",Unknown,"Nguồn máy tính XIGMATEK X-Power III 350 350W | Non Modular, ATX",399000,https://theme.hstatic.net/200000420363/1001333448/14/appbuyxgety-icon.png?v=6362,PSU
"Nguồn máy tính XIGMATEK X-Power III 450 450W | Non Modular, ATX",Unknown,"Nguồn máy tính XIGMATEK X-Power III 450 450W | Non Modular, ATX",599000,https://theme.hstatic.net/200000420363/1001333448/14/appbuyxgety-icon.png?v=6362,PSU
"Nguồn máy tính XIGMATEK X-Power III 550 550W | Non Modular, ATX",Unknown,"Nguồn máy tính XIGMATEK X-Power III 550 550W | Non Modular, ATX",739000,https://theme.hstatic.net/200000420363/1001333448/14/appbuyxgety-icon.png?v=6362,PSU
"Nguồn máy tính XIGMATEK X-Power III 650 650W | Non Modular, ATX",Unknown,"Nguồn máy tính XIGMATEK X-Power III 650 650W | Non Modular, ATX",830000,https://theme.hstatic.net/200000420363/1001333448/14/appbuyxgety-icon.png?v=6362,PSU
"Nguồn máy tính XIGMATEK X-Pro XP750 750W | Non Modular, ATX",Unknown,"Nguồn máy tính XIGMATEK X-Pro XP750 750W | Non Modular, ATX",9100001030000,https://theme.hstatic.net/200000420363/1001333448/14/appbuyxgety-icon.png?v=6362,PSU
Nguồn Msi Mag A750BN 80 Plus Bronze Pcie 5 III,MSI,Nguồn Msi Mag A750BN 80 Plus Bronze Pcie 5 III,2390000,https://theme.hstatic.net/200000420363/1001333448/14/appbuyxgety-icon.png?v=6362,PSU
Nguồn Segotep 450W Cũ QSD,Unknown,Nguồn Segotep 450W Cũ QSD,210000,https://theme.hstatic.net/200000420363/1001333448/14/appbuyxgety-icon.png?v=6362,PSU
Nguồn Xigmatek 300W cũ QSD,Unknown,Nguồn Xigmatek 300W cũ QSD,100000,https://theme.hstatic.net/200000420363/1001333448/14/appbuyxgety-icon.png?v=6362,PSU
Nguồn Antec 300W Cũ QSD,Antec,Nguồn Antec 300W Cũ QSD,120000,https://theme.hstatic.net/200000420363/1001333448/14/appbuyxgety-icon.png?v=6362,PSU
